rate_K_per_min	alpha	T_K	dalpha_dt	Evya_kJ_per_mol	A_xlsx_per_sec
1	0	314.15	2.22376e-06	78.2	22392388.32
1	0.001	321.65231	4.53793e-06	77.1	15079196.09
1	0.002	324.08709	8.22616e-06	78.2	33142364.32
1	0.003	325.8249	1.08846e-05	78.3	39015777.61
1	0.004	327.19588	1.32911e-05	79	54648745.7
1	0.00501	328.35338	1.55248e-05	79.1	59832089.64
1	0.00601	329.35621	1.77323e-05	78.9	58220291.47
1	0.00701	330.24228	1.98007e-05	79.4	72266963.56
1	0.00801	331.04541	2.17727e-05	79.5	76898743.2
1	0.00901	331.77802	2.37248e-05	79.6	81600345.93
1	0.01001	332.45409	2.57199e-05	79.3	74915914.43
1	0.01101	333.07747	2.75954e-05	79.8	91343083.2
1	0.01201	333.66433	2.93677e-05	79.8	92498865.07
1	0.01301	334.2148	3.12329e-05	79.9	97357972.16
1	0.01401	334.73359	3.30813e-05	79.9	98725027.43
1	0.01502	335.22421	3.48975e-05	79.9	99962111.53
1	0.01602	335.69035	3.66686e-05	80	104724613.6
1	0.01702	336.13469	3.83936e-05	80.1	109531515.6
1	0.01802	336.55984	4.00143e-05	80.4	122680439.8
1	0.01902	336.96887	4.16438e-05	80.5	127910910.3
1	0.02002	337.36142	4.34018e-05	80.4	124538498.9
1	0.02102	337.73799	4.51706e-05	80.3	121268552.7
1	0.02202	338.10037	4.68943e-05	80.3	122220679.2
1	0.02302	338.44975	4.85372e-05	80.5	132009367.4
1	0.02402	338.788	5.01381e-05	80.6	137453758.5
1	0.02503	339.11543	5.17258e-05	80.7	143070531.6
1	0.02603	339.43321	5.33387e-05	80.7	143778262.3
1	0.02703	339.74114	5.49388e-05	80.8	149656350.3
1	0.02803	340.04067	5.64722e-05	80.9	155566419.8
1	0.02903	340.33211	5.80345e-05	81	161778487.9
1	0.03003	340.61572	5.96406e-05	81	162507085.3
1	0.03103	340.89167	6.1263e-05	81	163275459
1	0.03203	341.16046	6.28444e-05	81	163930063.1
1	0.03303	341.4227	6.44063e-05	81	164529335.8
1	0.03403	341.67861	6.59339e-05	81.1	170954066.7
1	0.03504	341.92882	6.75309e-05	81	165721026.6
1	0.03604	342.17278	6.91318e-05	81.1	172364078.7
1	0.03704	342.41153	7.06474e-05	81.1	172855493.1
1	0.03804	342.64514	7.21317e-05	81.2	179462749.9
1	0.03904	342.87416	7.36069e-05	81.3	186287975.4
1	0.04004	343.09849	7.51183e-05	81.3	186795251
1	0.04104	343.31839	7.65805e-05	81.4	193855404.9
1	0.04204	343.53424	7.80471e-05	81.4	194261948.2
1	0.04304	343.74595	7.95962e-05	81.4	194873946.1
1	0.04404	343.95348	8.11568e-05	81.4	195513580.1
1	0.04505	344.15713	8.26541e-05	81.5	202973060.1
1	0.04605	344.3572	8.40656e-05	81.6	210489102.5
1	0.04705	344.55407	8.55594e-05	81.5	203751744.8
1	0.04805	344.74722	8.70585e-05	81.6	211509704.8
1	0.04905	344.93736	8.84927e-05	81.6	211869056.6
1	0.05005	345.1243	9.00116e-05	81.6	212433028.4
1	0.05105	345.30808	9.14841e-05	81.6	212889058.6
1	0.05205	345.48905	9.29065e-05	81.7	220782880.3
1	0.05305	345.66724	9.43131e-05	81.7	221096532.1
1	0.05405	345.84286	9.56899e-05	81.8	229176189.7
1	0.05506	346.01596	9.71128e-05	81.8	229542415
1	0.05606	346.18646	9.86023e-05	81.8	230065431.4
1	0.05706	346.35437	0.000100091	81.8	230587591.2
1	0.05806	346.51985	0.000101498	81.8	230923286.3
1	0.05906	346.68313	0.000102856	81.9	239310115.7
1	0.06006	346.84426	0.000104337	81.8	231653170.8
1	0.06106	347.00295	0.000105864	81.8	232261159.5
1	0.06206	347.15946	0.000107226	81.9	240705799.7
1	0.06306	347.31414	0.000108557	81.9	240890249.2
1	0.06406	347.46684	0.000109926	82	249658192.6
1	0.06507	347.61769	0.000111261	82	249866312.1
1	0.06607	347.76675	0.000112635	82	250162008.9
1	0.06707	347.91394	0.000114099	82	250659559.5
1	0.06807	348.0592	0.000115532	82	251091674.4
1	0.06907	348.20276	0.000116861	82.1	260132016.3
1	0.07007	348.34473	0.00011822	82.1	260412778.6
1	0.07107	348.48501	0.00011966	82.1	260874563.4
1	0.07207	348.62359	0.000121067	82.1	261266902
1	0.07307	348.76062	0.000122368	82.2	270607080.7
1	0.07407	348.89627	0.000123706	82.2	270859502.3
1	0.07508	349.03036	0.000125075	82.2	271187550.5
1	0.07608	349.16305	0.00012641	82.3	280954405.5
1	0.07708	349.29432	0.000127826	82.2	271870342.5
1	0.07808	349.42409	0.000129255	82.2	272329969.5
1	0.07908	349.55248	0.000130575	82.3	282104358.1
1	0.08008	349.67963	0.000131871	82.3	282292176.9
1	0.08108	349.80551	0.000133246	82.3	282651887.3
1	0.08208	349.93006	0.000134615	82.3	283002141.6
1	0.08308	350.05338	0.000135976	82.3	283337375.1
1	0.08408	350.17545	0.000137317	82.3	283634227.9
1	0.08509	350.29638	0.000138549	82.4	293623450
1	0.08609	350.41628	0.000139741	82.5	303870651.5
1	0.08709	350.53516	0.000141049	82.5	304116209.9
1	0.08809	350.65285	0.000142504	82.4	294407848
1	0.08909	350.76931	0.000143913	82.5	305151399.7
1	0.09009	350.88471	0.000145183	82.5	305328622.1
1	0.09109	350.99914	0.000146456	82.5	305514933.6
1	0.09209	351.11254	0.000147727	82.6	316355398
1	0.09309	351.22501	0.000148985	82.6	316520172.4
1	0.09409	351.3365	0.000150306	82.6	316822448.5
1	0.0951	351.44701	0.000151703	82.6	317290167.9
1	0.0961	351.55646	0.000153073	82.5	307015555.5
1	0.0971	351.66499	0.000154296	82.7	328868406.4
1	0.0981	351.77271	0.000155524	82.7	328991338.3
1	0.0991	351.87954	0.000156862	82.6	318282851.4
1	0.1001	351.98543	0.00015817	82.7	329650418.9
1	0.1011	352.0905	0.000159424	82.7	329840191.7
1	0.1021	352.19473	0.00016071	82.7	330099682.3
1	0.1031	352.29812	0.000161974	82.7	330317642
1	0.1041	352.40073	0.000163218	82.7	330497787.5
1	0.10511	352.50255	0.00016449	82.8	342221862.8
1	0.10611	352.60358	0.000165819	82.8	342588251.4
1	0.10711	352.70378	0.000167198	82.7	331558586.4
1	0.10811	352.80315	0.000168537	82.8	343453127.4
1	0.10911	352.90176	0.00016979	82.8	343673395.8
1	0.11011	352.99967	0.000171045	82.8	343900285.8
1	0.11111	353.09684	0.000172592	82.6	322011675.3
1	0.11211	353.193	0.000174071	82.7	333832880.4
1	0.11311	353.28853	0.000174786	83	368849156.7
1	0.11411	353.3839	0.000175491	83	367938283.1
1	0.11512	353.47866	0.000176842	83	368393483.6
1	0.11612	353.57259	0.000178185	83	368833412.1
1	0.11712	353.66592	0.000179339	83	368883760.5
1	0.11812	353.75864	0.000180576	83	369108373.1
1	0.11912	353.8507	0.000181886	83	369485425.7
1	0.12012	353.94209	0.000183167	83.1	382589763.5
1	0.12112	354.03287	0.000184402	83.1	382825474.3
1	0.12212	354.12304	0.000185644	83.1	383079134.9
1	0.12312	354.21261	0.000186887	83.1	383338079.9
1	0.12412	354.30158	0.000188153	83.1	383647337.2
1	0.12513	354.38995	0.000189406	83.1	383937698.2
1	0.12613	354.47775	0.000190621	83.1	384149767.6
1	0.12713	354.56499	0.000191802	83.1	384297161.8
1	0.12813	354.65172	0.000192965	83.2	397672373.9
1	0.12913	354.73791	0.000194156	83.2	397849343.7
1	0.13013	354.82357	0.000195341	83.2	398017807.7
1	0.13113	354.90872	0.000196538	83.2	398213972.1
1	0.13213	354.99335	0.000197814	83.2	398572903.3
1	0.13313	355.0774	0.000199092	83.2	398939739.1
1	0.13413	355.16094	0.000200329	83.2	399226700.3
1	0.13514	355.24396	0.00020154	83.2	399469972.2
1	0.13614	355.3265	0.000202703	83.2	399616686.4
1	0.13714	355.40857	0.000203905	83.2	399843407
1	0.13814	355.49014	0.000205107	83.3	413841921.5
1	0.13914	355.57125	0.000206225	83.3	413911366.9
1	0.14014	355.65194	0.000207396	83.3	414090022.5
1	0.14114	355.73214	0.000208608	83.3	414354819.7
1	0.14214	355.81189	0.000209839	83.3	414659850.9
1	0.14314	355.89115	0.000211107	83.3	415041390.8
1	0.14414	355.96995	0.000212264	83.3	415208003.6
1	0.14515	356.04835	0.000213408	83.3	415356743.6
1	0.14615	356.1263	0.000214548	83.4	429770261.1
1	0.14715	356.20387	0.000215667	83.4	429873361
1	0.14815	356.28102	0.000216767	83.4	429943235.7
1	0.14915	356.3578	0.000217905	83.4	430091347
1	0.15015	356.43414	0.000219132	83.4	430419254.6
1	0.15115	356.51007	0.000220307	83.4	430647906.4
1	0.15215	356.5856	0.000221443	83.5	445583043.9
1	0.15315	356.66075	0.000222613	83.5	445812684.4
1	0.15415	356.73549	0.000223827	83.5	446133993
1	0.15516	356.80982	0.000225032	83.5	446445995.8
1	0.15616	356.88376	0.00022617	83.5	446623274.5
1	0.15716	356.95735	0.000227304	83.5	446795482.3
1	0.15816	357.03056	0.00022846	83.5	447014758.1
1	0.15916	357.1034	0.000229639	83.5	447282210.7
1	0.16016	357.17586	0.000230789	83.5	447496864.5
1	0.16116	357.24798	0.000231927	83.5	447690990.8
1	0.16216	357.31973	0.000233024	83.6	463140852.2
1	0.16316	357.39117	0.000234107	83.6	463236220.6
1	0.16416	357.46225	0.000235316	83.6	463584748.8
1	0.16517	357.53297	0.00023647	83.6	463833801.8
1	0.16617	357.60336	0.000237583	83.6	464000040.1
1	0.16717	357.67341	0.000238615	83.7	479881954.3
1	0.16817	357.74319	0.000239666	83.7	479932899.9
1	0.16917	357.81263	0.00024085	83.7	480254376.1
1	0.17017	357.88173	0.000241989	83.7	480489660.4
1	0.17117	357.95052	0.000243177	83.6	464936405.9
1	0.17217	358.01894	0.000244344	83.7	481122845.1
1	0.17317	358.08708	0.000245391	83.7	481187148.7
1	0.17417	358.15492	0.000246448	83.7	481275243.2
1	0.17518	358.22247	0.000247439	83.8	497677510.9
1	0.17618	358.28977	0.000248433	83.8	497646168.5
1	0.17718	358.35678	0.000249609	83.8	497983009
1	0.17818	358.42345	0.00025081	83.8	498373702
1	0.17918	358.48981	0.000251936	83.8	498618664.4
1	0.18018	358.55589	0.000253086	83.8	498913746.6
1	0.18118	358.62165	0.000254202	83.8	499146150.1
1	0.18218	358.68715	0.000255289	83.8	499324175.8
1	0.18318	358.75236	0.000256468	83.8	499685483.1
1	0.18418	358.81725	0.000257596	83.8	499951706.4
1	0.18519	358.88189	0.00025859	83.8	499966995.8
1	0.18619	358.94628	0.000259625	83.8	500059181.3
1	0.18719	359.01041	0.000260715	83.8	500260797.9
1	0.18819	359.07427	0.000261797	83.8	500450672.7
1	0.18919	359.13786	0.000262861	83.9	517659870.4
1	0.19019	359.2012	0.000263978	83.9	517928932.3
1	0.19119	359.26426	0.000265091	83.9	518194076.5
1	0.19219	359.32707	0.00026613	83.9	518317914
1	0.19319	359.38964	0.000267183	83.9	518472451.8
1	0.19419	359.45196	0.000268304	83.9	518762263.4
1	0.1952	359.514	0.000269374	83.9	518964393.9
1	0.1962	359.57582	0.000270349	84	536633819.8
1	0.1972	359.63742	0.000271363	84	536728163.8
1	0.1982	359.69878	0.000272493	83.9	519393865.1
1	0.1992	359.75987	0.000273629	83.9	519728585.1
1	0.2002	359.82073	0.000274688	84	537593146.7
1	0.2012	359.88134	0.000275725	84	537749175
1	0.2022	359.94174	0.000276744	84	537873164.1
1	0.2032	360.00191	0.000277811	84	538094201.5
1	0.2042	360.06185	0.000278879	84	538320660
1	0.20521	360.12156	0.000279913	84	538492020.7
1	0.20621	360.18105	0.000280988	84	538738838.9
1	0.20721	360.24031	0.000282099	84	539058004.7
1	0.20821	360.29933	0.000283241	84	539439785.7
1	0.20921	360.35811	0.000284313	84	539691938.9
1	0.21021	360.41669	0.000285297	84.1	558097716.1
1	0.21121	360.47507	0.000286289	84.1	558205233.6
1	0.21221	360.53324	0.000287289	84	540012971
1	0.21321	360.59121	0.000288307	84.1	558498221.8
1	0.21421	360.64897	0.000289372	84.1	558758658.5
1	0.21522	360.70652	0.000290402	84.1	558962236.9
1	0.21622	360.76387	0.000291353	84.1	559010562.3
1	0.21722	360.82104	0.000292305	84.1	559064369.1
1	0.21822	360.87802	0.00029329	84.2	578136578.9
1	0.21922	360.93481	0.000294318	84.1	559391261.6
1	0.22022	360.99139	0.000295373	84.1	559652627.5
1	0.22122	361.04777	0.00029644	84.2	578907993.5
1	0.22222	361.10395	0.000297481	84.2	579154882.9
1	0.22322	361.15994	0.000298472	84.2	579308028.7
1	0.22422	361.21574	0.000299454	84.2	579447698.8
1	0.22523	361.27136	0.000300457	84.2	579638997.5
1	0.22623	361.3268	0.00030147	84.2	579845490
1	0.22723	361.38204	0.000302451	84.2	579994872.6
1	0.22823	361.43712	0.000303394	84.2	580074463.5
1	0.22923	361.49202	0.000304331	84.3	599774768.7
1	0.23023	361.54676	0.00030527	84.3	599854051.1
1	0.23123	361.60133	0.000306203	84.3	599925604.8
1	0.23223	361.65573	0.000307148	84.3	600024727.8
1	0.23323	361.70996	0.000308143	84.3	600225266.3
1	0.23423	361.76401	0.000309147	84.3	600447243
1	0.23524	361.81789	0.000310126	84.3	600632087.5
1	0.23624	361.8716	0.000311133	84.3	600866912.3
1	0.23724	361.92513	0.000312177	84.3	601176933.1
1	0.23824	361.97849	0.000313213	84.3	601474707.9
1	0.23924	362.03166	0.000314218	84.4	622044155.4
1	0.24024	362.08468	0.000315198	84.3	601914836.1
1	0.24124	362.13752	0.000316178	84.3	602116764.9
1	0.24224	362.19021	0.000317183	84.4	622709024.5
1	0.24324	362.24272	0.000318192	84.3	602633413.2
1	0.24424	362.29507	0.000319189	84.3	602878227.5
1	0.24525	362.34726	0.000320186	84.4	623491150.7
1	0.24625	362.39928	0.000321198	84.4	623778008.2
1	0.24725	362.45114	0.000322204	84.3	603687304.4
1	0.24825	362.50284	0.000323151	84.4	624225028
1	0.24925	362.5544	0.000324043	84.4	624290629
1	0.25025	362.60581	0.000324939	84.4	624368237.5
1	0.25125	362.65708	0.000325836	84.4	624451585.6
1	0.25225	362.70821	0.000326725	84.4	624523479.7
1	0.25325	362.75921	0.000327636	84.4	624640776.7
1	0.25425	362.81005	0.000328569	84.5	645865363.5
1	0.25526	362.86076	0.000329521	84.5	646080847
1	0.25626	362.91131	0.000330501	84.4	625276290
1	0.25726	362.96172	0.000331477	84.5	646608534.6
1	0.25826	363.01197	0.000332428	84.5	646825824.7
1	0.25926	363.06209	0.000333359	84.4	625923852.7
1	0.26026	363.11207	0.000334275	84.5	647163854.5
1	0.26126	363.16191	0.000335182	84.5	647306927.4
1	0.26226	363.21161	0.000336097	84.5	647469554.9
1	0.26326	363.26118	0.000337038	84.5	647685740.5
1	0.26426	363.31061	0.000337997	84.5	647940306.9
1	0.26527	363.3599	0.000338961	84.5	648216993.8
1	0.26627	363.40905	0.000339905	84.5	648450440.4
1	0.26727	363.45807	0.000340808	84.5	648609295.1
1	0.26827	363.50696	0.00034169	84.5	648732119.2
1	0.26927	363.55572	0.000342574	84.6	670688868
1	0.27027	363.60436	0.000343455	84.5	648991343.6
1	0.27127	363.65287	0.000344317	84.6	670915926.2
1	0.27227	363.70127	0.000345193	84.6	671043704.9
1	0.27327	363.74953	0.000346145	84.5	649488447.1
1	0.27427	363.79766	0.000347137	84.6	671684856.7
1	0.27528	363.84565	0.000348091	84.6	671985759.2
1	0.27628	363.89352	0.000348993	84.6	672180461.7
1	0.27728	363.94126	0.000349872	84.6	672335180.4
1	0.27828	363.98889	0.000350752	84.6	672495223.5
1	0.27928	364.03639	0.000351631	84.6	672657807.3
1	0.28028	364.08378	0.000352522	84.6	672846747.1
1	0.28128	364.13104	0.000353431	84.6	673074371
1	0.28228	364.17819	0.000354324	84.6	673274835.2
1	0.28328	364.22521	0.000355185	84.6	673419064.3
1	0.28428	364.27213	0.000356025	84.7	696137160.3
1	0.28529	364.31893	0.000356866	84.7	696261744.3
1	0.28629	364.36563	0.00035772	84.6	673791989.4
1	0.28729	364.41221	0.000358579	84.7	696563270.5
1	0.28829	364.45868	0.000359443	84.7	696734745.1
1	0.28929	364.50504	0.000360325	84.7	696944938.4
1	0.29029	364.55128	0.000361241	84.7	697225064.5
1	0.29129	364.5974	0.000362146	84.7	697488059.2
1	0.29229	364.64342	0.000363006	84.7	697667668.6
1	0.29329	364.68932	0.00036386	84.7	697840329.1
1	0.29429	364.73512	0.00036473	84.7	698047170.1
1	0.2953	364.78081	0.000365607	84.7	698281275.1
1	0.2963	364.82638	0.00036647	84.7	698483292.1
1	0.2973	364.87185	0.000367307	84.8	722053672.7
1	0.2983	364.91722	0.00036812	84.7	698753737
1	0.2993	364.9625	0.000368916	84.8	722254361
1	0.3003	365.00767	0.000369714	84.8	722348576.7
1	0.3013	365.05275	0.00037057	84.7	699140349.1
1	0.3023	365.09771	0.000371491	84.8	722902050.5
1	0.3033	365.14256	0.000372395	84.7	699780550.2
1	0.3043	365.18731	0.000373254	84.8	723445008.8
1	0.30531	365.23196	0.000374091	84.8	723646367.2
1	0.30631	365.27651	0.000374919	84.8	723824015.3
1	0.30731	365.32096	0.000375743	84.8	723998107.6
1	0.30831	365.36531	0.000376547	84.8	724137938.1
1	0.30931	365.40957	0.00037733	84.8	724241275.6
1	0.31031	365.45374	0.000378137	84.8	724394575.7
1	0.31131	365.49781	0.000379001	84.8	724661240
1	0.31231	365.54178	0.000379856	84.8	724914709.7
1	0.31331	365.58565	0.000380675	84.8	725103674.9
1	0.31431	365.62943	0.000381487	84.8	725283125.1
1	0.31532	365.67311	0.000382288	84.8	725456711.2
1	0.31632	365.71671	0.000383072	84.9	749851339.4
1	0.31732	365.76022	0.000383843	84.8	725704648.9
1	0.31832	365.80364	0.000384646	84.9	750147280.7
1	0.31932	365.84696	0.00038549	84.8	726143052.9
1	0.32032	365.89019	0.000386305	84.9	750626513.5
1	0.32132	365.93334	0.000387088	84.9	750781327.3
1	0.32232	365.97639	0.00038786	84.9	750919742.1
1	0.32332	366.01936	0.000388601	84.9	751002092.1
1	0.32432	366.06226	0.000389316	84.9	751037787.6
1	0.32533	366.10507	0.000390062	85	776237036.3
1	0.32633	366.1478	0.000390923	84.9	751474533.2
1	0.32733	366.19042	0.000391812	84.9	751858663.7
1	0.32833	366.23296	0.000392638	84.9	752125249.6
1	0.32933	366.27541	0.000393423	84.9	752317586.7
1	0.33033	366.31777	0.000394172	84.9	752445646.2
1	0.33133	366.36006	0.000394898	84.9	752533427.6
1	0.33233	366.40226	0.00039569	85	777872304.2
1	0.33333	366.44438	0.000396539	84.9	753081950.7
1	0.33433	366.48641	0.000397342	85	778463241.3
1	0.33534	366.52836	0.000398105	84.9	753515832.9
1	0.33634	366.57022	0.000398856	85	778812915.8
1	0.33734	366.61201	0.000399599	84.9	753819101.3
1	0.33834	366.65372	0.00040038	85	779186994
1	0.33934	366.69535	0.000401192	84.9	754324901.7
1	0.34034	366.73689	0.00040196	85	779687513.9
1	0.34134	366.77836	0.000402697	85	779841073.6
1	0.34234	366.81975	0.000403437	85	780004946.2
1	0.34334	366.86107	0.000404171	85	780161152.7
1	0.34434	366.90231	0.000404961	84.9	755260360
1	0.34535	366.94346	0.000405767	85	780746063
1	0.34635	366.98454	0.00040651	84.9	755752757.8
1	0.34735	367.02554	0.000407242	85	781103213.8
1	0.34835	367.06647	0.000407974	85	781277555.8
1	0.34935	367.10733	0.000408697	85	781438744
1	0.35035	367.14811	0.00040947	85	781700100.1
1	0.35135	367.18882	0.000410239	85	781957673.2
1	0.35235	367.22945	0.000410948	85	782105530.8
1	0.35335	367.27001	0.00041164	85	782225331.8
1	0.35435	367.31051	0.000412296	85	782280593.9
1	0.35536	367.35094	0.000413018	85	782477610
1	0.35636	367.39129	0.000413777	85.1	808787184.3
1	0.35736	367.43158	0.00041448	85.1	808946863.6
1	0.35836	367.4718	0.000415175	85.1	809095450.7
1	0.35936	367.51195	0.00041586	85	783173443.8
1	0.36036	367.55203	0.000416623	85.1	809519009.7
1	0.36136	367.59204	0.000417411	85	783791117.3
1	0.36236	367.63197	0.000418119	85.1	810053857.6
1	0.36336	367.67184	0.000418799	85	784120229.9
1	0.36436	367.71164	0.000419473	85.1	810331045.7
1	0.36537	367.75138	0.000420237	85	784571789.2
1	0.36637	367.79104	0.000421016	85.1	811003452
1	0.36737	367.83063	0.0004217	85.1	811171647
1	0.36837	367.87017	0.000422366	85.1	811308785.4
1	0.36937	367.90963	0.00042303	85.1	811447557.5
1	0.37037	367.94904	0.000423754	85.1	811704912.6
1	0.37137	367.98837	0.000424424	85.1	811864161.1
1	0.37237	368.02766	0.000424991	85.2	838800288.5
1	0.37337	368.06689	0.00042559	85.1	811861073
1	0.37437	368.10606	0.000426289	85.2	839060939.5
1	0.37538	368.14516	0.000427071	85.1	812489821.2
1	0.37638	368.18419	0.000427755	85.2	839684962.6
1	0.37738	368.22316	0.00042834	85.1	812721012.4
1	0.37838	368.26209	0.000428923	85.2	839728089.5
1	0.37938	368.30095	0.000429626	85.1	813000603
1	0.38038	368.33975	0.000430355	85.2	840306482.8
1	0.38138	368.37849	0.000430986	85.1	813438468.5
1	0.38238	368.41717	0.000431611	85.2	840559283.2
1	0.38338	368.4558	0.000432298	85.1	813802729.9
1	0.38438	368.49435	0.000433035	85.2	841157486.3
1	0.38539	368.53285	0.000433699	85.1	814366530.1
1	0.38639	368.57129	0.000434301	85.2	841480776.1
1	0.38739	368.60968	0.000434936	85.2	841646010
1	0.38839	368.64801	0.000435691	85.2	842047962.1
1	0.38939	368.68626	0.000436418	85.2	842401368.5
1	0.39039	368.72446	0.000437021	85.2	842519469.5
1	0.39139	368.76261	0.000437613	85.2	842620747.6
1	0.39239	368.80071	0.00043829	85.2	842889913.1
1	0.39339	368.83874	0.00043894	85.2	843112521.3
1	0.39439	368.87673	0.000439476	85.2	843119964.4
1	0.3954	368.91466	0.000440027	85.2	843175446.3
1	0.3964	368.95255	0.000440717	85.2	843487059
1	0.3974	368.99037	0.000441454	85.2	843893820.8
1	0.3984	369.02814	0.000442067	85.2	844067658.7
1	0.3994	369.06585	0.000442632	85.2	844155001.8
1	0.4004	369.10352	0.000443275	85.3	872364305.7
1	0.4014	369.14113	0.000443962	85.2	844723518.3
1	0.4024	369.17868	0.00044457	85.2	844906728.2
1	0.4034	369.21618	0.000445142	85.2	845026085.5
1	0.4044	369.25363	0.000445804	85.3	873309226.5
1	0.40541	369.29103	0.00044648	85.2	845660443.1
1	0.40641	369.32837	0.000447043	85.3	873774844.1
1	0.40741	369.36566	0.000447566	85.2	845822744.4
1	0.40841	369.40292	0.000448187	85.3	874058448.9
1	0.40941	369.44011	0.00044882	85.2	846319872.3
1	0.41041	369.47726	0.000449342	85.3	874383625.3
1	0.41141	369.51437	0.000449841	85.3	874399951.8
1	0.41241	369.55144	0.000450474	85.3	874681030.6
1	0.41341	369.58844	0.000451124	85.2	846983367.6
1	0.41441	369.6254	0.000451647	85.3	875079000.9
1	0.41542	369.66232	0.000452166	85.3	875168661.5
1	0.41642	369.69919	0.000452801	85.3	875472843.8
1	0.41742	369.73601	0.000453403	85.3	875718013.5
1	0.41842	369.77278	0.000453873	85.3	875713373.2
1	0.41942	369.80952	0.000454401	85.3	875824625.2
1	0.42042	369.84621	0.000455063	85.3	876199081.7
1	0.42142	369.88285	0.000455688	85.3	876507049.4
1	0.42242	369.91944	0.00045619	85.3	876583511.1
1	0.42342	369.95599	0.000456755	85.3	876785584.9
1	0.42442	369.99249	0.000457372	85.3	877092481.8
1	0.42543	370.02894	0.00045791	85.4	906252615.6
1	0.42643	370.06536	0.000458385	85.3	877312063.5
1	0.42743	370.10173	0.00045897	85.4	906560342.5
1	0.42843	370.13806	0.000459561	85.3	877847256.8
1	0.42943	370.17434	0.000460031	85.4	906890556.8
1	0.43043	370.21059	0.000460522	85.3	877990936.5
1	0.43143	370.24679	0.000461136	85.4	907326600.6
1	0.43243	370.28294	0.000461724	85.3	878613938.2
1	0.43343	370.31906	0.000462194	85.4	907690739.5
1	0.43443	370.35514	0.000462737	85.3	878895090.9
1	0.43544	370.39117	0.000463309	85.4	908202197.8
1	0.43644	370.42716	0.000463791	85.4	908309587.4
1	0.43744	370.46311	0.000464243	85.4	908363364.4
1	0.43844	370.49903	0.000464844	85.4	908712944.2
1	0.43944	370.53489	0.000465442	85.4	909062716.9
1	0.44044	370.57072	0.000465897	85.4	909137484.2
1	0.44144	370.60651	0.000466417	85.4	909344211.9
1	0.44244	370.64226	0.000466975	85.4	909629982.9
1	0.44344	370.67796	0.00046744	85.4	909740343.5
1	0.44444	370.71364	0.00046785	85.4	909747633.2
1	0.44545	370.74928	0.000468411	85.4	910070139.7
1	0.44645	370.78487	0.000468985	85.4	910407131.2
1	0.44745	370.82043	0.000469426	85.4	910490396.9
1	0.44845	370.85595	0.000469945	85.4	910730193.3
1	0.44945	370.89143	0.000470509	85.4	911062255.2
1	0.45045	370.92687	0.000470978	85.4	911215519.8
1	0.45145	370.96227	0.000471411	85.4	911304512.9
1	0.45245	370.99765	0.000471975	85.4	911650629.7
1	0.45345	371.03297	0.000472519	85.4	911964559.5
1	0.45445	371.06826	0.00047293	85.4	912026456.6
1	0.45546	371.10352	0.000473426	85.4	912273772.8
1	0.45646	371.13874	0.000473938	85.4	912540490.1
1	0.45746	371.17393	0.000474353	85.4	912625184.7
1	0.45846	371.20908	0.000474805	85.4	912786595.3
1	0.45946	371.2442	0.000475339	85.4	913110333.7
1	0.46046	371.27928	0.000475787	85.4	913274258.2
1	0.46146	371.31433	0.00047613	85.4	913241637.5
1	0.46246	371.34936	0.000476601	85.4	913458829.7
1	0.46346	371.38434	0.000477099	85.4	913733905.3
1	0.46446	371.41929	0.000477496	85.4	913820441.8
1	0.46547	371.45422	0.000478	85.4	914133075.2
1	0.46647	371.4891	0.000478538	85.4	914499749.5
1	0.46747	371.52394	0.000478959	85.4	914648367.6
1	0.46847	371.55876	0.0004794	85.5	944938754.4
1	0.46947	371.59355	0.000479926	85.4	915197716.6
1	0.47047	371.62829	0.000480379	85.4	915422963.2
1	0.47147	371.663	0.000480754	85.4	915504665.2
1	0.47247	371.69769	0.000481235	85.4	915792616.5
1	0.47347	371.73234	0.000481691	85.4	916038657
1	0.47447	371.76696	0.000482031	85.5	946191840.8
1	0.47548	371.80156	0.000482475	85.4	916319548.6
1	0.47648	371.83612	0.000482919	85.4	916558162.3
1	0.47748	371.87066	0.000483242	85.5	946702246
1	0.47848	371.90517	0.000483632	85.4	916717673
1	0.47948	371.93965	0.00048406	85.5	947077894.4
1	0.48048	371.9741	0.000484408	85.4	917017880.6
1	0.48148	372.00853	0.000484785	85.5	947292795
1	0.48248	372.04293	0.00048524	85.4	917443853.9
1	0.48348	372.07729	0.00048563	85.5	947764158.3
1	0.48448	372.11163	0.000485973	85.5	947852603
1	0.48549	372.14595	0.000486413	85.5	948153508.7
1	0.48649	372.18023	0.000486828	85.5	948393478.4
1	0.48749	372.21449	0.000487162	85.5	948480566.9
1	0.48849	372.24872	0.000487619	85.5	948812719.2
1	0.48949	372.28292	0.000488051	85.4	918927726.1
1	0.49049	372.31709	0.000488348	85.5	949133885.1
1	0.49149	372.35124	0.000488768	85.5	949410127.1
1	0.49249	372.38536	0.000489204	85.5	949723036.8
1	0.49349	372.41945	0.000489519	85.5	949806762.8
1	0.49449	372.45352	0.000489901	85.5	950025581
1	0.4955	372.48756	0.000490284	85.5	950270916.2
1	0.4965	372.52158	0.000490564	85.5	950302985.3
1	0.4975	372.55558	0.000490897	85.5	950442955.5
1	0.4985	372.58955	0.000491294	85.5	950712670.8
1	0.4995	372.62349	0.000491636	85.6	982076037.3
1	0.5005	372.65742	0.000492021	85.5	951138551.7
1	0.5015	372.69131	0.00049246	85.5	951506196.4
1	0.5025	372.72517	0.0004928	85.5	951688418.2
1	0.5035	372.75902	0.000493111	85.5	951819228.8
1	0.5045	372.79284	0.000493471	85.5	952050622.3
1	0.50551	372.82663	0.000493786	85.5	952220469.6
1	0.50651	372.86041	0.000494099	85.5	952371914.7
1	0.50751	372.89416	0.0004945	85.5	952698997.6
1	0.50851	372.92789	0.000494847	85.5	952927347.6
1	0.50951	372.96159	0.000495132	85.5	953042434.5
1	0.51051	372.99528	0.000495496	85.5	953314307.8
1	0.51151	373.02893	0.000495827	85.5	953529509.4
1	0.51251	373.06257	0.000496107	85.5	953651428.3
1	0.51351	373.09619	0.000496489	85.5	953974896.4
1	0.51451	373.12978	0.000496854	85.5	954271832.6
1	0.51552	373.16334	0.000497154	85.6	985735766.1
1	0.51652	373.19689	0.000497545	85.5	954827728.6
1	0.51752	373.23041	0.000497889	85.5	955101619.5
1	0.51852	373.26391	0.000498134	85.5	955191235.8
1	0.51952	373.29739	0.000498468	85.5	955457178.1
1	0.52052	373.33085	0.000498792	85.5	955709578.7
1	0.52152	373.36429	0.000499049	85.5	955839307.8
1	0.52252	373.39771	0.000499392	85.5	956139465.4
1	0.52352	373.4311	0.000499692	85.5	956363701.3
1	0.52452	373.46448	0.000499886	85.5	956390184
1	0.52553	373.49785	0.000500144	85.5	956564442.4
1	0.52653	373.5312	0.00050039	85.5	956701494.2
1	0.52753	373.56453	0.00050058	85.6	988043396
1	0.52853	373.59785	0.000500866	85.5	956962003.6
1	0.52953	373.63115	0.000501152	85.6	988507690.4
1	0.53053	373.66443	0.000501368	85.5	957295200.9
1	0.53153	373.6977	0.000501661	85.6	988871438.9
1	0.53253	373.73094	0.000501932	85.6	989095446.3
1	0.53353	373.76418	0.000502131	85.6	989182336.7
1	0.53453	373.79739	0.000502419	85.6	989451518.2
1	0.53554	373.83059	0.000502708	85.5	958411365.8
1	0.53654	373.86377	0.000502945	85.6	989930009.2
1	0.53754	373.89693	0.000503276	85.5	958951737.3
1	0.53854	373.93007	0.000503567	85.6	990601216.6
1	0.53954	373.96319	0.000503761	85.5	959358378.9
1	0.54054	373.9963	0.000504003	85.5	959569290
1	0.54154	374.02939	0.000504226	85.6	991115148.9
1	0.54254	374.06248	0.000504422	85.6	991251110.8
1	0.54354	374.09554	0.000504689	85.6	991533783.9
1	0.54454	374.12859	0.000504928	85.6	991767179.3
1	0.54555	374.16163	0.000505119	85.6	991933913.1
1	0.54655	374.19465	0.000505357	85.5	960792818
1	0.54755	374.22765	0.000505559	85.6	992357404
1	0.54855	374.26065	0.000505727	85.6	992475516
1	0.54955	374.29363	0.00050594	85.6	992688579.5
1	0.55055	374.3266	0.000506126	85.5	961459179.9
1	0.55155	374.35955	0.000506303	85.6	993009650.4
1	0.55255	374.3925	0.000506528	85.6	993264095.2
1	0.55355	374.42543	0.000506721	85.6	993462515.9
1	0.55455	374.45835	0.000506906	85.6	993651287.8
1	0.55556	374.49125	0.000507122	85.6	993929973.5
1	0.55656	374.52414	0.000507295	85.6	994108158.8
1	0.55756	374.55703	0.00050747	85.5	962873707.9
1	0.55856	374.58989	0.000507664	85.6	994527985
1	0.55956	374.62275	0.000507813	85.6	994677603.9
1	0.56056	374.6556	0.000507988	85.6	994884358.9
1	0.56156	374.68844	0.000508214	85.6	995197211.5
1	0.56256	374.72126	0.00050841	85.6	995458285.1
1	0.56356	374.75407	0.000508657	85.5	964371465.6
1	0.56456	374.78685	0.000508905	85.6	996202369.1
1	0.56557	374.81963	0.000509056	85.6	996417914.9
1	0.56657	374.8524	0.000509227	85.6	996656105.3
1	0.56757	374.88516	0.00050939	85.5	965408394.7
1	0.56857	374.9179	0.000509498	85.6	997013508.4
1	0.56957	374.95064	0.000509617	85.6	997169247.6
1	0.57057	374.98338	0.000509709	85.6	997277930.3
1	0.57157	375.01611	0.000509756	85.6	997305109
1	0.57257	375.04883	0.000509853	85.6	997436676.8
1	0.57357	375.08155	0.000509979	85.6	997630833.3
1	0.57457	375.11426	0.000510095	85.6	997812039.7
1	0.57558	375.14696	0.000510266	85.6	998130988.1
1	0.57658	375.17965	0.00051043	85.6	998419454.3
1	0.57758	375.21233	0.00051056	85.6	998648114.4
1	0.57858	375.24501	0.000510735	85.5	967458057.3
1	0.57958	375.27766	0.00051089	85.6	999262575.5
1	0.58058	375.31032	0.000511021	85.6	999512748.4
1	0.58158	375.34296	0.000511172	85.5	968278499.4
1	0.58258	375.37559	0.00051128	85.6	1000029199
1	0.58358	375.40822	0.000511353	85.5	968648913.4
1	0.58458	375.44084	0.000511426	85.6	1000350722
1	0.58559	375.47346	0.000511489	85.6	1000525743
1	0.58659	375.50608	0.000511591	85.6	1000759223
1	0.58759	375.53868	0.000511733	85.6	1001078700
1	0.58859	375.57128	0.000511849	85.5	969792739.9
1	0.58959	375.60387	0.000511963	85.5	970064782.3
1	0.59059	375.63645	0.000512061	85.5	970313402.4
1	0.59159	375.66903	0.000512115	85.5	970484858.5
1	0.59259	375.70161	0.000512178	85.6	1002258237
1	0.59359	375.73418	0.000512237	85.5	970873760.6
1	0.59459	375.76675	0.000512277	85.5	971038200.7
1	0.5956	375.79931	0.000512342	85.5	971281088.7
1	0.5966	375.83187	0.000512404	85.5	971500709.7
1	0.5976	375.86443	0.000512439	85.5	971675539.7
1	0.5986	375.89699	0.000512484	85.6	1003476604
1	0.5996	375.92954	0.000512523	85.5	972071777.1
1	0.6006	375.96209	0.000512554	85.6	1003866860
1	0.6016	375.99464	0.000512601	85.5	972483334.2
1	0.6026	376.02718	0.000512647	85.5	972712934.5
1	0.6036	376.05973	0.000512693	85.5	972948432.9
1	0.6046	376.09226	0.000512762	85.5	973235642.4
1	0.60561	376.1248	0.000512822	85.5	973536435.5
1	0.60661	376.15733	0.000512869	85.5	973795362.8
1	0.60761	376.18986	0.00051289	85.5	974011667.6
1	0.60861	376.22239	0.000512881	85.5	974177761.9
1	0.60961	376.25491	0.000512871	85.5	974349451
1	0.61061	376.28744	0.000512874	85.5	974551956.8
1	0.61161	376.31997	0.000512892	85.5	974789840.2
1	0.61261	376.3525	0.000512927	85.5	975066959.2
1	0.61361	376.38502	0.000512962	85.5	975351758
1	0.61461	376.41755	0.000512978	85.5	975606725.1
1	0.61562	376.45007	0.000512978	85.5	975864385.1
1	0.61662	376.48259	0.000512958	85.5	976065733.2
1	0.61762	376.51512	0.000512932	85.5	976262033.5
1	0.61862	376.54764	0.000512899	85.5	976452829
1	0.61962	376.58017	0.000512876	85.5	976669105
1	0.62062	376.6127	0.000512867	85.5	976919244.2
1	0.62162	376.64523	0.00051285	85.5	977161391.7
1	0.62262	376.67776	0.000512826	85.5	977397481.9
1	0.62362	376.7103	0.000512792	85.5	977621116.7
1	0.62462	376.74283	0.000512726	85.5	977791782.4
1	0.62563	376.77537	0.000512655	85.5	977985676.3
1	0.62663	376.80792	0.00051258	85.5	978152567.4
1	0.62763	376.84047	0.000512489	85.5	978296339.8
1	0.62863	376.87302	0.000512415	85.5	978480019.7
1	0.62963	376.90558	0.000512329	85.5	978647577.4
1	0.63063	376.93815	0.000512244	85.5	978823872.9
1	0.63163	376.97072	0.000512197	85.5	979080385.8
1	0.63263	377.0033	0.000512155	85.5	979353426.3
1	0.63363	377.03587	0.000512117	85.5	979642554.5
1	0.63463	377.06845	0.00051209	85.5	979959803.5
1	0.63564	377.10103	0.000512041	85.5	980269681.7
1	0.63664	377.13362	0.000511979	85.5	980534989.7
1	0.63764	377.1662	0.000511929	85.5	980831883.7
1	0.63864	377.19879	0.000511849	85.5	981078518.5
1	0.63964	377.23139	0.000511759	85.5	981313221.4
1	0.64064	377.26399	0.000511676	85.5	981569336.9
1	0.64164	377.2966	0.000511547	85.5	981744504.8
1	0.64264	377.32922	0.000511426	85.5	981942338.4
1	0.64364	377.36184	0.000511336	85.5	982207794.5
1	0.64464	377.39447	0.000511223	85.5	982436519.2
1	0.64565	377.42711	0.000511119	85.4	951894113.1
1	0.64665	377.45976	0.000511008	85.5	982965428.3
1	0.64765	377.49241	0.000510849	85.5	983129014.7
1	0.64865	377.52507	0.000510705	85.5	983329026.1
1	0.64965	377.55774	0.000510561	85.5	983536658.8
1	0.65065	377.59043	0.00051039	85.4	952857920.7
1	0.65165	377.62312	0.000510252	85.5	983933786.3
1	0.65265	377.65582	0.000510095	85.4	953289646.3
1	0.65365	377.68853	0.000509914	85.5	984306659.3
1	0.65465	377.72125	0.000509778	85.4	953710518.9
1	0.65566	377.75398	0.000509625	85.5	984834133.9
1	0.65666	377.78673	0.000509462	85.5	985059134.3
1	0.65766	377.81948	0.000509344	85.4	954504348.5
1	0.65866	377.85224	0.000509188	85.4	954754350.6
1	0.65966	377.88501	0.000509032	85.4	955012228.5
1	0.66066	377.91779	0.000508931	85.4	955381284.8
1	0.66166	377.95057	0.000508763	85.4	955633287.6
1	0.66266	377.98337	0.000508573	85.4	955851270.9
1	0.66366	378.01618	0.000508433	85.4	956171307.2
1	0.66466	378.049	0.000508242	85.4	956403566.4
1	0.66567	378.08183	0.000508062	85.4	956693285.4
1	0.66667	378.11467	0.00050793	85.4	957053143
1	0.66767	378.14752	0.000507717	85.4	957268672.4
1	0.66867	378.18039	0.000507498	85.4	957480448.5
1	0.66967	378.21327	0.000507321	85.4	957779814.9
1	0.67067	378.24616	0.000507077	85.4	957961068.7
1	0.67167	378.27907	0.000506852	85.4	958185906
1	0.67267	378.31199	0.000506668	85.4	958496766.3
1	0.67367	378.34493	0.000506429	85.4	958711448.5
1	0.67467	378.37788	0.000506218	85.4	958987720.4
1	0.67568	378.41084	0.000506034	85.3	929339623.3
1	0.67668	378.44382	0.000505784	85.4	959572601.7
1	0.67768	378.47681	0.000505549	85.3	929805403.3
1	0.67868	378.50982	0.00050532	85.3	930075217.7
1	0.67968	378.54284	0.000505026	85.4	960265977.3
1	0.68068	378.57589	0.00050477	85.3	930469836.9
1	0.68168	378.60894	0.000504525	85.4	960778293.8
1	0.68268	378.64202	0.000504226	85.3	930908653.7
1	0.68368	378.67512	0.000503975	85.3	931178622
1	0.68468	378.70823	0.000503725	85.3	931459315.2
1	0.68569	378.74136	0.000503421	85.3	931677994.5
1	0.68669	378.77451	0.000503167	85.3	931967928
1	0.68769	378.80767	0.000502912	85.3	932265077.7
1	0.68869	378.84085	0.00050262	85.3	932502051.9
1	0.68969	378.87406	0.00050238	85.3	932843339.6
1	0.69069	378.90727	0.000502097	85.3	933114706.2
1	0.69169	378.94051	0.000501725	85.3	933228455.4
1	0.69269	378.97378	0.000501403	85.3	933442996.1
1	0.69369	379.00706	0.000501071	85.3	933648177.2
1	0.69469	379.04037	0.000500697	85.3	933783007.2
1	0.6957	379.0737	0.000500402	85.3	934104572.5
1	0.6967	379.10705	0.000500088	85.3	934368966.1
1	0.6977	379.14042	0.000499718	85.3	934537556.3
1	0.6987	379.17382	0.000499412	85.2	905645287.4
1	0.6997	379.20723	0.000499079	85.3	935089791.6
1	0.7007	379.24067	0.000498672	85.2	906019508.7
1	0.7017	379.27414	0.000498326	85.3	935463218.1
1	0.7027	379.30763	0.000497956	85.3	935675393.4
1	0.7037	379.34115	0.000497512	85.3	935756896.9
1	0.7047	379.3747	0.000497143	85.3	935987920.7
1	0.70571	379.40827	0.000496779	85.2	907053684.6
1	0.70671	379.44186	0.000496361	85.3	936426986
1	0.70771	379.47549	0.000496022	85.2	907516151.3
1	0.70871	379.50913	0.000495696	85.3	937091201.3
1	0.70971	379.5428	0.000495285	85.2	908051645.6
1	0.71071	379.5765	0.000494919	85.2	908337148.6
1	0.71171	379.61022	0.000494574	85.2	908670779.1
1	0.71271	379.64397	0.000494145	85.2	908858977.9
1	0.71371	379.67775	0.00049377	85.2	909155421.5
1	0.71471	379.71154	0.00049344	85.2	909545223
1	0.71572	379.74537	0.000492999	85.2	909770938.4
1	0.71672	379.77922	0.000492572	85.2	910000305.4
1	0.71772	379.81311	0.000492197	85.2	910334368.5
1	0.71872	379.84702	0.000491665	85.2	910387844.4
1	0.71972	379.88097	0.000491152	85.2	910484792
1	0.72072	379.91495	0.000490768	85.2	910830215.6
1	0.72172	379.94896	0.000490259	85.2	910953084.2
1	0.72272	379.98301	0.000489776	85.2	911132927.6
1	0.72372	380.01709	0.000489433	85.2	911582982.1
1	0.72472	380.05118	0.00048895	85.2	911783439.2
1	0.72573	380.08533	0.000488473	85.2	912036053.7
1	0.72673	380.11949	0.000488151	85.2	912556364.5
1	0.72773	380.15368	0.000487746	85.1	884499286.4
1	0.72873	380.1879	0.0004873	85.2	913240905.4
1	0.72973	380.22215	0.000486929	85.1	885249330.6
1	0.73073	380.25643	0.000486463	85.1	885534887.1
1	0.73173	380.29074	0.000485884	85.1	885624480.9
1	0.73273	380.3251	0.000485386	85.1	885870219.2
1	0.73373	380.35949	0.000484903	85.1	886153418.6
1	0.73473	380.39391	0.000484335	85.1	886291298.1
1	0.73574	380.42838	0.000483841	85.1	886606977.3
1	0.73674	380.46287	0.000483414	85.1	887023186.7
1	0.73774	380.4974	0.000482843	85.1	887184998.3
1	0.73874	380.53198	0.000482292	85.1	887392555.8
1	0.73974	380.56658	0.000481874	85.1	887856200.5
1	0.74074	380.60122	0.000481284	85.1	888013062.2
1	0.74174	380.63591	0.000480665	85.1	888125505.7
1	0.74274	380.67064	0.000480204	85	860904088.7
1	0.74374	380.7054	0.000479653	85.1	888799141.6
1	0.74474	380.7402	0.000479046	85	861320450.2
1	0.74575	380.77505	0.000478544	85	861715468.8
1	0.74675	380.80993	0.000478034	85	862073419.6
1	0.74775	380.84485	0.000477401	85	862219794.9
1	0.74875	380.87982	0.000476825	85	862478683.8
1	0.74975	380.91483	0.000476364	85	862956345.2
1	0.75075	380.94987	0.00047574	85	863150080.8
1	0.75175	380.98496	0.000475113	85	863348171.6
1	0.75275	381.02009	0.000474643	85	863842514.4
1	0.75375	381.05526	0.00047405	85	864124180.6
1	0.75475	381.09048	0.000473393	85	864299345.3
1	0.75576	381.12575	0.000472851	84.9	837866508
1	0.75676	381.16105	0.000472327	85	865171119.6
1	0.75776	381.19639	0.000471657	84.9	838477484
1	0.75876	381.23179	0.000471008	85	865588889.3
1	0.75976	381.26723	0.00047048	84.9	839160805.1
1	0.76076	381.30271	0.000469782	85	866221714.1
1	0.76176	381.33826	0.000469034	84.9	839406567.9
1	0.76276	381.37385	0.000468435	84.9	839767072.9
1	0.76376	381.40949	0.000467806	84.9	840084855.2
1	0.76476	381.44518	0.000467055	84.9	840194272.7
1	0.76577	381.48093	0.000466378	84.9	840482807.7
1	0.76677	381.51672	0.000465835	84.9	840989204.7
1	0.76777	381.55255	0.000465159	84.9	841267730.3
1	0.76877	381.58845	0.000464449	84.9	841494839.6
1	0.76977	381.6244	0.000463866	84.8	815840860.4
1	0.77077	381.66038	0.000463254	84.8	816259586.1
1	0.77177	381.69642	0.000462496	84.9	842568675.8
1	0.77277	381.73253	0.000461769	84.8	816668890
1	0.77377	381.76868	0.000461163	84.8	817132277.4
1	0.77477	381.80488	0.000460416	84.8	817357711
1	0.77578	381.84115	0.000459586	84.8	817482389.6
1	0.77678	381.87748	0.00045887	84.8	817784512.5
1	0.77778	381.91387	0.000458212	84.8	818201704.2
1	0.77878	381.9503	0.00045734	84.8	818249228
1	0.77978	381.98683	0.000456462	84.8	818294422.4
1	0.78078	382.0234	0.000455799	84.7	793361612.6
1	0.78178	382.06003	0.000455111	84.8	819148651.5
1	0.78278	382.09672	0.000454292	84.7	793945872.7
1	0.78378	382.13348	0.000453508	84.8	819597293.7
1	0.78478	382.17029	0.000452856	84.7	794701479.7
1	0.78579	382.20716	0.000452125	84.8	820532099.7
1	0.78679	382.24409	0.000451291	84.7	795317291.9
1	0.78779	382.28109	0.000450527	84.8	821089361.7
1	0.78879	382.31815	0.000449847	84.6	771500769.5
1	0.78979	382.35527	0.000449035	84.7	796438847.5
1	0.79079	382.39246	0.000448127	84.6	771895369.2
1	0.79179	382.42973	0.000447324	84.7	796880547.4
1	0.79279	382.46705	0.000446594	84.6	772659418.8
1	0.79379	382.50444	0.000445731	84.7	797583278.3
1	0.79479	382.54191	0.000444787	84.6	772998028.4
1	0.7958	382.57946	0.000443956	84.7	798047863.8
1	0.7968	382.61707	0.000443186	84.6	773780659.6
1	0.7978	382.65475	0.000442302	84.7	798742981
1	0.7988	382.69251	0.000441347	84.6	774160317.7
1	0.7998	382.73035	0.000440506	84.6	774505946.3
1	0.8008	382.76825	0.000439737	84.6	774992304.5
1	0.8018	382.80623	0.000438882	84.6	775340306.4
1	0.8028	382.84428	0.000437916	84.6	775505333.4
1	0.8038	382.88242	0.000437017	84.6	775801069.3
1	0.8048	382.92063	0.000436205	84.5	752260993.5
1	0.80581	382.95891	0.000435347	84.6	776701988.8
1	0.80681	382.99728	0.000434355	84.5	752854320.5
1	0.80781	383.03573	0.000433411	84.6	777142256.3
1	0.80881	383.07426	0.000432592	84.5	753612544.8
1	0.80981	383.11287	0.000431749	84.5	754079671.1
1	0.81081	383.15154	0.000430727	84.5	754248894.9
1	0.81181	383.19033	0.000429697	84.5	754415083
1	0.81281	383.2292	0.00042885	84.5	754916651.6
1	0.81381	383.26814	0.000428027	84.4	732135718.7
1	0.81481	383.30715	0.000427135	84.4	732577737.7
1	0.81582	383.34625	0.000426096	84.4	732821027.8
1	0.81682	383.38546	0.000425082	84.4	733080014.2
1	0.81782	383.42475	0.000424164	84.3	710866065.1
1	0.81882	383.46412	0.000423237	84.4	733957963.2
1	0.81982	383.50359	0.000422187	84.3	711527897.2
1	0.82082	383.54316	0.000421077	84.4	734345566.7
1	0.82182	383.58283	0.000420072	84.3	712010538.6
1	0.82282	383.62259	0.000419108	84.4	735122491.5
1	0.82382	383.66244	0.000418129	84.3	712841901.8
1	0.82482	383.70239	0.000417027	84.4	735763063.9
1	0.82583	383.74245	0.000415906	84.3	713293540.4
1	0.82683	383.78261	0.000414918	84.3	713732177.7
1	0.82783	383.82287	0.000413957	84.3	714232934.2
1	0.82883	383.86322	0.000412977	84.2	692669797.7
1	0.82983	383.90367	0.000411875	84.3	715006304.1
1	0.83083	383.94423	0.000410692	84.2	693111897.5
1	0.83183	383.98491	0.000409592	84.3	715490005.4
1	0.83283	384.02569	0.000408541	84.2	693837529.3
1	0.83383	384.06658	0.000407482	84.2	694251645.3
1	0.83483	384.10758	0.000406409	84.2	694657715.2
1	0.83584	384.14869	0.000405239	84.2	694955820.1
1	0.83684	384.18992	0.0004041	84.2	695279996.1
1	0.83784	384.23126	0.000403067	84.1	674359182.9
1	0.83884	384.2727	0.000402005	84.2	696293896
1	0.83984	384.31426	0.000400913	84.1	675281067.5
1	0.84084	384.35593	0.000399751	84.2	697100663.6
1	0.84184	384.39773	0.000398467	84.1	675774839.7
1	0.84284	384.43967	0.000397223	84.1	676008103
1	0.84384	384.48173	0.000396087	84.1	676441508.3
1	0.84484	384.52391	0.000394946	84	656038483.7
1	0.84585	384.56621	0.000393793	84.1	677366794
1	0.84685	384.60864	0.000392634	84	656944027.1
1	0.84785	384.65119	0.00039139	84.1	678130759.4
1	0.84885	384.69389	0.000390138	84	657566006.7
1	0.84985	384.73672	0.000388972	84	658040301.2
1	0.85085	384.77967	0.000387791	84	658507794.7
1	0.85185	384.82276	0.000386568	83.9	638645149.1
1	0.85285	384.86599	0.000385321	84	659312335.4
1	0.85385	384.90936	0.000384077	83.9	639429288.8
1	0.85485	384.95286	0.000382787	84	660079320.7
1	0.85586	384.99652	0.000381433	83.9	640072333.2
1	0.85686	385.04034	0.000380109	83.9	640393514.3
1	0.85786	385.08431	0.000378815	84	661113365.4
1	0.85886	385.12842	0.000377508	83.8	621454391.5
1	0.85986	385.17269	0.000376187	83.9	641549778.4
1	0.86086	385.21712	0.000374861	83.8	622206168.3
1	0.86186	385.2617	0.000373538	83.8	622610551.6
1	0.86286	385.30645	0.000372217	83.9	642792373.2
1	0.86386	385.35135	0.000370847	83.7	604242470.4
1	0.86486	385.39642	0.00036945	83.8	623736415.2
1	0.86587	385.44166	0.000368083	83.8	624188901.8
1	0.86687	385.48707	0.000366714	83.7	605423324.6
1	0.86787	385.53265	0.000365345	83.8	625054068.5
1	0.86887	385.5784	0.000363983	83.7	606317503
1	0.86987	385.62432	0.000362616	83.7	606792658.3
1	0.87087	385.67042	0.000361221	83.7	607241399.3
1	0.87187	385.71669	0.000359795	83.6	589002567.8
1	0.87287	385.76316	0.000358358	83.7	608077862.7
1	0.87387	385.8098	0.000356914	83.7	608506449.7
1	0.87487	385.85664	0.00035544	83.6	590216527.8
1	0.87588	385.90368	0.000353934	83.7	609317452.5
1	0.87688	385.95092	0.000352405	83.6	590956214.1
1	0.87788	385.99836	0.000350896	83.6	591347620.1
1	0.87888	386.04601	0.000349434	83.6	591839707.9
1	0.87988	386.09385	0.000347943	83.6	592305726.6
1	0.88088	386.14191	0.000346378	83.5	574490980.6
1	0.88188	386.19018	0.000344769	83.6	592975336.8
1	0.88288	386.23869	0.000343146	83.5	575089056.4
1	0.88388	386.28742	0.000341533	83.5	575424407.2
1	0.88488	386.33638	0.000339939	83.6	594022487
1	0.88589	386.38558	0.000338354	83.5	576290796
1	0.88689	386.435	0.000336764	83.5	576733351.6
1	0.88789	386.48466	0.000335158	83.5	577172119.7
1	0.88889	386.53455	0.000333502	83.5	577548894.5
1	0.88989	386.58471	0.000331776	83.5	577826581.9
1	0.89089	386.63513	0.000330016	83.5	578067292.7
1	0.89189	386.68581	0.000328284	83.5	578379977.7
1	0.89289	386.73677	0.000326599	83.4	561074977.1
1	0.89389	386.78798	0.00032493	83.5	579273060
1	0.89489	386.83946	0.000323243	83.5	579741276.3
1	0.8959	386.8912	0.000321513	83.4	562454568.7
1	0.8969	386.94324	0.000319737	83.4	562806970.8
1	0.8979	386.99556	0.00031794	83.5	580925565.9
1	0.8989	387.04818	0.000316114	83.5	581247834.4
1	0.8999	387.10112	0.000314234	83.4	563705663.6
1	0.9009	387.15437	0.000312359	83.5	581779172.6
1	0.9019	387.20794	0.000310533	83.5	582180805.4
1	0.9029	387.26182	0.000308721	83.4	564820088.4
1	0.9039	387.31602	0.000306903	83.4	565284013.2
1	0.9049	387.37054	0.000305054	83.4	565720712.6
1	0.90591	387.4254	0.000303125	83.5	583948627.8
1	0.90691	387.48062	0.000301103	83.5	584122564.6
1	0.90791	387.53622	0.000299046	83.5	584255020.6
1	0.90891	387.5922	0.000297009	83.5	584453903.1
1	0.90991	387.64856	0.000294922	83.6	603005168.1
1	0.91091	387.70534	0.000292821	83.6	603134114.2
1	0.91191	387.76251	0.000290775	83.5	584977494.2
1	0.91291	387.82009	0.000288704	83.6	603660008.5
1	0.91391	387.87809	0.000286591	83.6	603856803.9
1	0.91491	387.93652	0.000284464	83.7	623077965.7
1	0.91592	387.99538	0.000282273	83.7	623247420.4
1	0.91692	388.05473	0.000280008	83.7	623209904
1	0.91792	388.11455	0.000277783	83.8	642911487.6
1	0.91892	388.17484	0.000275591	83.8	643105751.4
1	0.91992	388.23563	0.000273372	83.8	643273002.3
1	0.92092	388.2969	0.00027102	84	684268218.4
1	0.92192	388.35874	0.000268615	84	684041974.6
1	0.92292	388.42112	0.000266307	84	684098513.4
1	0.92392	388.48404	0.00026401	84	684223523.4
1	0.92492	388.54751	0.000261522	84.2	727570630.3
1	0.92593	388.61163	0.000258971	84.2	727163763.4
1	0.92693	388.67636	0.000256558	84.3	749936668.3
1	0.92793	388.74169	0.000254026	84.4	773099025.5
1	0.92893	388.80771	0.000251359	84.5	796579128.3
1	0.92993	388.87444	0.000248839	84.5	796267598
1	0.93093	388.9418	0.000246273	84.7	846632828.7
1	0.93193	389.00993	0.00024352	84.8	872132423.2
1	0.93293	389.07883	0.000240892	84.9	898890611.8
1	0.93393	389.14844	0.00023809	85.1	954898653.1
1	0.93493	389.21897	0.000235242	85.2	983343737.5
1	0.93594	389.29029	0.000232492	85.3	1013248352
1	0.93694	389.3625	0.000229584	85.5	1075948735
1	0.93794	389.43563	0.000226716	85.6	1107984580
1	0.93894	389.50968	0.000223832	85.8	1176704866
1	0.93994	389.58471	0.000220947	85.9	1211705782
1	0.94094	389.6607	0.000218034	86.1	1286738615
1	0.94194	389.73775	0.000214987	86.3	1365585321
1	0.94294	389.81591	0.000211947	86.5	1449307683
1	0.94394	389.89519	0.000208812	86.8	1585635145
1	0.94494	389.97572	0.000205691	86.9	1631072972
1	0.94595	390.05741	0.000202554	87.2	1784751151
1	0.94695	390.14046	0.000199227	87.5	1950639188
1	0.94795	390.2249	0.000195955	87.8	2132423410
1	0.94895	390.31075	0.000192736	88	2260926367
1	0.94995	390.39804	0.000189427	88.3	2470954680
1	0.95095	390.4869	0.000186083	88.6	2699839221
1	0.95195	390.57736	0.000182688	88.9	2948929124
1	0.95295	390.66956	0.000179207	89.3	3319870414
1	0.95395	390.76357	0.000175742	89.7	3737406601
1	0.95495	390.85944	0.000172304	90	4080162297
1	0.95596	390.95724	0.000168922	90.3	4456464509
1	0.95696	391.05699	0.00016549	90.7	5016543718
1	0.95796	391.15889	0.000161965	91.1	5643188867
1	0.95896	391.26303	0.000158327	91.6	6540777634
1	0.95996	391.36966	0.000154599	92.1	7575267793
1	0.96096	391.47889	0.000150913	92.5	8508360089
1	0.96196	391.59079	0.00014723	93.1	1.016003589e+10
1	0.96296	391.70555	0.000143462	93.6	1.175560946e+10
1	0.96396	391.82342	0.000139759	94.1	1.360434245e+10
1	0.96496	391.94434	0.000136127	94.7	1.623893814e+10
1	0.96597	392.06858	0.000132396	95.2	1.878483972e+10
1	0.96697	392.19641	0.000128582	96	2.379489952e+10
1	0.96797	392.32813	0.000124772	96.5	2.748224028e+10
1	0.96897	392.46389	0.000120993	97.2	3.374388995e+10
1	0.96997	392.60397	0.000117178	97.9	4.140258677e+10
1	0.97097	392.74872	0.00011332	98.7	5.233563149e+10
1	0.97197	392.89851	0.000109524	99.4	6.416314138e+10
1	0.97297	393.05346	0.00010573	100.2	8.107020094e+10
1	0.97397	393.2142	0.000101899	101	1.023380652e+11
1	0.97497	393.38102	9.81477e-05	101.8	1.292116802e+11
1	0.97598	393.55428	9.43174e-05	102.8	1.732528209e+11
1	0.97698	393.73494	9.04298e-05	103.7	2.24910339e+11
1	0.97798	393.92343	8.6626e-05	104.7	3.010626475e+11
1	0.97898	394.12031	8.28076e-05	105.8	4.150700038e+11
1	0.97998	394.32659	7.89733e-05	106.9	5.715862408e+11
1	0.98098	394.54306	7.51222e-05	108.1	8.104584675e+11
1	0.98198	394.77106	7.13749e-05	109.1	1.081480701e+12
1	0.98298	395.01084	6.76347e-05	110.5	1.628590888e+12
1	0.98398	395.2648	6.38831e-05	111.7	2.304218752e+12
1	0.98498	395.53357	6.02084e-05	113.1	3.464566701e+12
1	0.98599	395.81952	5.64254e-05	114.7	5.521544428e+12
1	0.98699	396.1256	5.27181e-05	116.2	8.527333859e+12
1	0.98799	396.45317	4.91029e-05	117.9	1.399669748e+13
1	0.98899	396.80606	4.53973e-05	119.8	2.432257891e+13
1	0.98999	397.18943	4.17043e-05	121.6	4.092788851e+13
1	0.99099	397.60766	3.80349e-05	123.8	7.761360906e+13
1	0.99199	398.06879	3.43718e-05	126	1.46860096e+14
1	0.99299	398.58111	3.07564e-05	128.4	2.950080405e+14
1	0.99399	399.15742	2.71299e-05	131	6.282727959e+14
1	0.99499	399.81654	2.34256e-05	134.2	1.596795698e+15
1	0.996	400.59108	1.9653e-05	137.6	4.307446103e+15
1	0.997	401.53012	1.58109e-05	141.3	1.270781205e+16
1	0.998	402.73422	1.17751e-05	144.6	3.351476372e+16
1	0.999	404.45508	6.38947e-06	135.8	2.210151086e+15
2.5	0	316.71571	3.69886e-06	78.2	29224235.25
2.5	0.001	327.99172	8.20065e-06	77.1	15608517.6
2.5	0.002	331.27522	1.56849e-05	78.2	33664722.97
2.5	0.003	333.50952	2.13676e-05	78.3	39349433.36
2.5	0.004	335.24246	2.66735e-05	79	54623052.21
2.5	0.00501	336.66698	3.18075e-05	79.1	59937299.92
2.5	0.00601	337.88169	3.67608e-05	78.9	58337387.68
2.5	0.00701	338.94607	4.15946e-05	79.4	72241813.54
2.5	0.00801	339.89391	4.62805e-05	79.5	77060551.36
2.5	0.00901	340.75286	5.08202e-05	79.6	81740995.98
2.5	0.01001	341.53858	5.5313e-05	79.3	75112747.84
2.5	0.01101	342.2634	5.97701e-05	79.8	91292452
2.5	0.01201	342.93614	6.41789e-05	79.8	92873242.5
2.5	0.01301	343.56466	6.84675e-05	79.9	97586550.95
2.5	0.01401	344.15564	7.26593e-05	79.9	98804374.51
2.5	0.01502	344.71366	7.68577e-05	79.9	99996722.61
2.5	0.01602	345.2418	8.10535e-05	80	104741719.1
2.5	0.01702	345.74349	8.54555e-05	80.1	109919322
2.5	0.01802	346.21866	8.93192e-05	80.4	122849888.2
2.5	0.01902	346.67769	9.30431e-05	80.5	127809319.1
2.5	0.02002	347.1157	9.71889e-05	80.4	124618778.7
2.5	0.02102	347.53634	0.000101145	80.3	121249480.7
2.5	0.02202	347.94074	0.000105134	80.3	122150292.7
2.5	0.02302	348.33005	0.000109138	80.5	131853113.7
2.5	0.02402	348.70532	0.000113106	80.6	137414726.3
2.5	0.02503	349.06779	0.000117017	80.7	143111086
2.5	0.02603	349.41838	0.000120894	80.7	143932155.3
2.5	0.02703	349.75796	0.000124758	80.8	149792282.5
2.5	0.02803	350.08717	0.000128586	80.9	155824030.2
2.5	0.02903	350.40682	0.000132373	81	162025377.7
2.5	0.03003	350.71746	0.000136157	81	162770601.2
2.5	0.03103	351.01959	0.000139927	81	163493877.6
2.5	0.03203	351.31372	0.000143705	81	164220890
2.5	0.03303	351.60017	0.000147459	81	164916670.9
2.5	0.03403	351.8795	0.000151147	81.1	171290904.5
2.5	0.03504	352.15214	0.000154859	81	166177064.5
2.5	0.03604	352.41824	0.000158547	81.1	172581011.7
2.5	0.03704	352.67834	0.000162151	81.1	173117104.1
2.5	0.03804	352.93274	0.000165773	81.2	179691528.9
2.5	0.03904	353.1816	0.000169381	81.3	186488558.9
2.5	0.04004	353.42528	0.000172962	81.3	187025021.6
2.5	0.04104	353.66394	0.00017653	81.4	194035633.6
2.5	0.04204	353.89786	0.000180143	81.4	194619605.3
2.5	0.04304	354.12704	0.000183814	81.4	195265578.5
2.5	0.04404	354.35172	0.000187404	81.4	195824392.6
2.5	0.04505	354.5722	0.000190976	81.5	203140509.2
2.5	0.04605	354.78855	0.000194538	81.6	210706897.1
2.5	0.04705	355.00103	0.000198041	81.5	204164176.4
2.5	0.04805	355.20979	0.000201515	81.6	211663332.6
2.5	0.04905	355.41501	0.000205006	81.6	212144800.4
2.5	0.05005	355.61672	0.000208436	81.6	212565560
2.5	0.05105	355.81523	0.00021194	81.6	213060716.1
2.5	0.05205	356.01034	0.000215483	81.7	220937169.7
2.5	0.05305	356.20237	0.00021888	81.7	221338852.6
2.5	0.05405	356.39146	0.000222307	81.8	229384363.8
2.5	0.05506	356.57763	0.000225764	81.8	229863268.3
2.5	0.05606	356.76097	0.000229168	81.8	230287576.7
2.5	0.05706	356.94165	0.000232549	81.8	230689954.7
2.5	0.05806	357.1197	0.000235988	81.8	231151405.2
2.5	0.05906	357.29514	0.000239427	81.9	239544356.7
2.5	0.06006	357.46812	0.000242808	81.8	232022735.8
2.5	0.06106	357.63871	0.000246136	81.8	232382461.2
2.5	0.06206	357.80704	0.000249445	81.9	240682272.7
2.5	0.06306	357.97314	0.000252801	81.9	241081267.9
2.5	0.06406	358.13702	0.000256196	82	249768529.6
2.5	0.06507	358.29875	0.000259567	82	250198743.7
2.5	0.06607	358.4584	0.000262899	82	250590684.2
2.5	0.06707	358.61606	0.000266232	82	250985193.3
2.5	0.06807	358.77174	0.000269572	82	251388549.2
2.5	0.06907	358.92551	0.000272879	82.1	260342922.5
2.5	0.07007	359.07744	0.000276136	82.1	260681317
2.5	0.07107	359.22761	0.000279403	82.1	261031204.5
2.5	0.07207	359.37601	0.00028266	82.1	261374763.7
2.5	0.07307	359.52273	0.000285865	82.2	270575172.2
2.5	0.07407	359.66782	0.000289083	82.2	270894643.4
2.5	0.07508	359.81129	0.00029243	82.2	271339807
2.5	0.07608	359.95308	0.00029575	82.3	280994221.4
2.5	0.07708	360.09335	0.000298935	82.2	272057635.1
2.5	0.07808	360.23214	0.000302288	82.2	272509542
2.5	0.07908	360.36931	0.000305589	82.3	282181194.1
2.5	0.08008	360.50512	0.000308726	82.3	282449791.9
2.5	0.08108	360.63952	0.00031199	82.3	282837464.2
2.5	0.08208	360.77249	0.000315146	82.3	283130936.7
2.5	0.08308	360.90422	0.000318359	82.3	283476201.2
2.5	0.08408	361.03452	0.000321584	82.3	283836802.4
2.5	0.08509	361.16362	0.000324744	82.4	293765994.7
2.5	0.08609	361.2914	0.000327958	82.5	304086255.9
2.5	0.08709	361.41797	0.00033113	82.5	304421481.3
2.5	0.08809	361.54332	0.000334313	82.4	294797431.6
2.5	0.08909	361.6675	0.000337485	82.5	305110335.3
2.5	0.09009	361.7905	0.000340617	82.5	305418088.1
2.5	0.09109	361.9124	0.000343795	82.5	305768998.7
2.5	0.09209	362.03314	0.000346896	82.6	316394317
2.5	0.09309	362.15287	0.00035005	82.6	316736332.7
2.5	0.09409	362.27144	0.000353167	82.6	317049890.2
2.5	0.0951	362.38907	0.000356196	82.6	317288975.3
2.5	0.0961	362.50563	0.000359327	82.5	307254161.5
2.5	0.0971	362.62122	0.000362281	82.7	328515029.9
2.5	0.0981	362.73589	0.000365444	82.7	328886267.2
2.5	0.0991	362.84949	0.000368632	82.6	318548071.4
2.5	0.1001	362.96218	0.000371647	82.7	329529823
2.5	0.1011	363.07394	0.000374852	82.7	329946239.6
2.5	0.1021	363.18472	0.000377931	82.7	330255464.8
2.5	0.1031	363.29467	0.000380811	82.7	330393157.9
2.5	0.1041	363.40377	0.000383943	82.7	330752321.5
2.5	0.10511	363.51193	0.00038707	82.8	342253955.6
2.5	0.10611	363.61928	0.00038999	82.8	342440648.4
2.5	0.10711	363.72583	0.000393091	82.7	331638602.3
2.5	0.10811	363.8315	0.000396268	82.8	343206477.6
2.5	0.10911	363.93634	0.00039926	82.8	343466921
2.5	0.11011	364.04043	0.000402159	82.8	343650156
2.5	0.11111	364.14377	0.000405219	82.6	321984592.3
2.5	0.11211	364.24629	0.00040834	82.7	333167068.7
2.5	0.11311	364.34805	0.000411271	83	368091826.3
2.5	0.11411	364.44912	0.00041412	83	368251220.4
2.5	0.11512	364.54949	0.000416999	83	368445311
2.5	0.11612	364.64916	0.00042011	83	368842834
2.5	0.11712	364.74805	0.000423236	83	369257218.9
2.5	0.11812	364.84625	0.000426164	83	369501320
2.5	0.11912	364.94379	0.000429088	83	369744914.8
2.5	0.12012	365.04066	0.000432016	83.1	382389640.5
2.5	0.12112	365.13688	0.000434928	83.1	382634317
2.5	0.12212	365.23246	0.000437959	83.1	382986361.3
2.5	0.12312	365.32735	0.000440984	83.1	383336895.8
2.5	0.12412	365.42162	0.000443855	83.1	383556339.3
2.5	0.12513	365.51529	0.000446723	83.1	383780784.9
2.5	0.12613	365.60835	0.000449618	83.1	384027607.3
2.5	0.12713	365.70082	0.000452526	83.1	384288505.7
2.5	0.12813	365.79269	0.000455418	83.2	397393781.7
2.5	0.12913	365.88398	0.000458303	83.2	397646845.5
2.5	0.13013	365.9747	0.000461204	83.2	397916932.4
2.5	0.13113	366.06485	0.000464189	83.2	398262332.1
2.5	0.13213	366.15441	0.000467193	83.2	398627163.4
2.5	0.13313	366.2434	0.000470094	83.2	398907232.1
2.5	0.13413	366.33186	0.000472931	83.2	399135877.4
2.5	0.13514	366.41979	0.000475756	83.2	399362408
2.5	0.13614	366.5072	0.000478596	83.2	399600158
2.5	0.13714	366.59408	0.000481467	83.2	399867273.6
2.5	0.13814	366.68045	0.000484346	83.3	413487126.2
2.5	0.13914	366.76631	0.000487201	83.3	413752506.4
2.5	0.14014	366.85167	0.000490032	83.3	414000772.9
2.5	0.14114	366.93654	0.000492855	83.3	414245528.2
2.5	0.14214	367.02092	0.000495678	83.3	414493708.7
2.5	0.14314	367.10483	0.000498501	83.3	414744837.7
2.5	0.14414	367.18826	0.00050131	83.3	414987772.2
2.5	0.14515	367.27123	0.000504107	83.3	415228709.1
2.5	0.14615	367.35374	0.000506914	83.4	429304939.3
2.5	0.14715	367.43579	0.000509746	83.4	429582065.1
2.5	0.14815	367.51738	0.000512591	83.4	429873450.4
2.5	0.14915	367.59852	0.000515431	83.4	430163729.1
2.5	0.15015	367.67922	0.000518245	83.4	430435333.8
2.5	0.15115	367.75948	0.000521031	83.4	430687050.6
2.5	0.15215	367.83932	0.000523801	83.5	445252322.6
2.5	0.15315	367.91874	0.000526561	83.5	445493572.7
2.5	0.15415	367.99774	0.000529308	83.5	445727399.4
2.5	0.15516	368.07634	0.000532043	83.5	445959526.4
2.5	0.15616	368.15453	0.000534775	83.5	446187496.4
2.5	0.15716	368.23232	0.000537584	83.5	446482834.9
2.5	0.15816	368.3097	0.000540383	83.5	446773181.2
2.5	0.15916	368.38669	0.000543106	83.5	447003780.4
2.5	0.16016	368.46329	0.000545837	83.5	447244411.7
2.5	0.16116	368.53951	0.000548571	83.5	447490680.2
2.5	0.16216	368.61535	0.000551299	83.6	462585902
2.5	0.16316	368.69082	0.000554005	83.6	462820397.2
2.5	0.16416	368.76593	0.000556683	83.6	463034719.7
2.5	0.16517	368.84067	0.000559337	83.6	463238473.2
2.5	0.16617	368.91506	0.000561978	83.6	463429303.9
2.5	0.16717	368.9891	0.000564693	83.7	479048139.9
2.5	0.16817	369.06278	0.000567541	83.7	479424482.2
2.5	0.16917	369.13608	0.000570319	83.7	479745362.1
2.5	0.17017	369.20905	0.00057296	83.7	479953733
2.5	0.17117	369.28167	0.000575577	83.6	464759163.9
2.5	0.17217	369.35397	0.000578176	83.7	480326712.4
2.5	0.17317	369.42595	0.000580767	83.7	480504113.3
2.5	0.17417	369.49761	0.00058335	83.7	480678460.2
2.5	0.17518	369.56895	0.000586152	83.8	496955468.1
2.5	0.17618	369.63992	0.000589008	83.8	497371755.9
2.5	0.17718	369.71057	0.000591636	83.8	497598408.9
2.5	0.17818	369.78092	0.000594196	83.8	497771112.9
2.5	0.17918	369.85096	0.000596744	83.8	497937715
2.5	0.18018	369.9207	0.000599282	83.8	498099699.6
2.5	0.18118	369.99015	0.000601976	83.8	498394302.9
2.5	0.18218	370.05927	0.000604823	83.8	498819090.8
2.5	0.18318	370.12807	0.000607502	83.8	499108603.6
2.5	0.18418	370.19659	0.000610018	83.8	499267138.3
2.5	0.18519	370.26482	0.000612517	83.8	499421826
2.5	0.18619	370.33277	0.000615	83.8	499561082.1
2.5	0.18719	370.40046	0.000617835	83.8	499988305.7
2.5	0.18819	370.46779	0.000620667	83.8	500417836.6
2.5	0.18919	370.53485	0.000623118	83.9	517057519.8
2.5	0.19019	370.60166	0.000625544	83.9	517166184.1
2.5	0.19119	370.66821	0.000627955	83.9	517266317.6
2.5	0.19219	370.7345	0.00063074	83.9	517677378
2.5	0.19319	370.80046	0.000633533	83.9	518099450.7
2.5	0.19419	370.86617	0.000635917	83.9	518189708.4
2.5	0.1952	370.93164	0.000638258	83.9	518255028.8
2.5	0.1962	370.99686	0.000640708	84	535488732.9
2.5	0.1972	371.06183	0.000643492	84	535923899.2
2.5	0.1982	371.1265	0.000646155	83.9	519161277.9
2.5	0.1992	371.19093	0.000648476	83.9	519220353.8
2.5	0.2002	371.25513	0.000650788	84	536374975.7
2.5	0.2012	371.31911	0.000653537	84	536791988.2
2.5	0.2022	371.38277	0.000656346	84	537263236.4
2.5	0.2032	371.4462	0.000658703	84	537367070.5
2.5	0.2042	371.50941	0.000660983	84	537411793.2
2.5	0.20521	371.5724	0.000663649	84	537780025
2.5	0.20621	371.6351	0.00066645	84	538255203.8
2.5	0.20721	371.69757	0.000668829	84	538392335.7
2.5	0.20821	371.75982	0.000671031	84	538391020.9
2.5	0.20921	371.82188	0.000673657	84	538732141.7
2.5	0.21021	371.88365	0.000676419	84.1	556910899.1
2.5	0.21121	371.9452	0.000678734	84.1	557012464.8
2.5	0.21221	372.00655	0.000680894	84	539269762.7
2.5	0.21321	372.06771	0.000683624	84.1	557437457.7
2.5	0.21421	372.12857	0.000686362	84.1	557896182.9
2.5	0.21522	372.18925	0.000688496	84.1	557873162.4
2.5	0.21622	372.24973	0.000690776	84.1	557965470.2
2.5	0.21722	372.31	0.000693514	84.1	558430765.3
2.5	0.21822	372.37001	0.000696063	84.2	577091081.1
2.5	0.21922	372.42985	0.000698134	84.1	558684691.9
2.5	0.22022	372.4895	0.000700693	84.1	559014910.5
2.5	0.22122	372.5489	0.000703416	84.2	577838010
2.5	0.22222	372.60809	0.000705624	84.2	577896152.5
2.5	0.22322	372.66711	0.000707855	84.2	577976334.8
2.5	0.22422	372.72593	0.000710573	84.2	578457412.8
2.5	0.22523	372.78451	0.000713059	84.2	578761459.3
2.5	0.22623	372.84292	0.000715026	84.2	578640071.5
2.5	0.22723	372.90117	0.000717682	84.2	579078746.1
2.5	0.22823	372.95915	0.00072036	84.2	579540646.3
2.5	0.22923	373.01697	0.00072232	84.3	598415510.7
2.5	0.23023	373.07463	0.000724773	84.3	598707218.1
2.5	0.23123	373.13206	0.000727454	84.3	599191828.1
2.5	0.23223	373.1893	0.000729576	84.3	599219645.9
2.5	0.23323	373.2464	0.000731839	84.3	599365761.3
2.5	0.23423	373.30329	0.000734476	84.3	599822555.8
2.5	0.23524	373.35997	0.000736695	84.3	599950349
2.5	0.23624	373.41652	0.000738823	84.3	599998437.3
2.5	0.23724	373.47288	0.000741467	84.3	600469492.7
2.5	0.23824	373.52902	0.000743796	84.3	600690266
2.5	0.23924	373.58503	0.000745888	84.4	620377293.8
2.5	0.24024	373.64086	0.000748549	84.3	601215244.8
2.5	0.24124	373.69647	0.000750899	84.3	601463763.5
2.5	0.24224	373.75195	0.000752939	84.4	621137222.5
2.5	0.24324	373.80725	0.000755542	84.3	601922576.9
2.5	0.24424	373.86235	0.000757829	84.3	602131477.5
2.5	0.24525	373.91733	0.000759866	84.4	621836330.4
2.5	0.24625	373.97213	0.000762445	84.4	622294038.3
2.5	0.24725	374.02673	0.000764656	84.3	602757810.5
2.5	0.24825	374.08122	0.000766763	84.4	622535654.5
2.5	0.24925	374.13553	0.000769329	84.4	622992002.8
2.5	0.25025	374.18965	0.000771417	84.4	623066081.2
2.5	0.25125	374.24366	0.000773641	84.4	623251949.9
2.5	0.25225	374.29747	0.000776187	84.4	623702315.3
2.5	0.25325	374.35113	0.000778096	84.4	623644332.8
2.5	0.25425	374.40468	0.000780482	84.5	644341504.2
2.5	0.25526	374.45801	0.000783006	84.5	644804200.1
2.5	0.25626	374.51121	0.000784762	84.4	624254804.7
2.5	0.25726	374.56431	0.000787278	84.5	645079815.1
2.5	0.25826	374.61717	0.00078971	84.5	645468826.6
2.5	0.25926	374.66994	0.000791563	84.4	624996370.9
2.5	0.26026	374.72255	0.000794086	84.5	645853824.2
2.5	0.26126	374.77498	0.000796233	84.5	646020736.6
2.5	0.26226	374.82732	0.00079839	84.5	646197164.6
2.5	0.26326	374.87946	0.000800893	84.5	646659511.7
2.5	0.26426	374.93147	0.000802675	84.5	646543067.2
2.5	0.26527	374.98339	0.00080514	84.5	646987168.6
2.5	0.26627	375.03508	0.000807581	84.5	647410099.1
2.5	0.26727	375.08668	0.000809342	84.5	647289624.4
2.5	0.26827	375.13815	0.00081179	84.5	647722206.4
2.5	0.26927	375.18944	0.000813824	84.6	668934677.1
2.5	0.27027	375.24065	0.000816014	84.5	648063110.4
2.5	0.27127	375.29166	0.000818439	84.6	669609528.4
2.5	0.27227	375.34257	0.000820212	84.6	669515488.3
2.5	0.27327	375.39336	0.00082263	84.5	648825822.3
2.5	0.27427	375.44397	0.000824805	84.6	670194909.4
2.5	0.27528	375.4945	0.000826823	84.6	670321662.6
2.5	0.27628	375.54486	0.000829224	84.6	670755172.3
2.5	0.27728	375.5951	0.000831014	84.6	670697952.2
2.5	0.27828	375.64524	0.000833418	84.6	671138840.5
2.5	0.27928	375.69519	0.000835636	84.6	671436115.7
2.5	0.28028	375.74506	0.000837598	84.6	671529356.2
2.5	0.28128	375.79478	0.000839959	84.6	671947311.5
2.5	0.28228	375.84437	0.000841738	84.6	671903877.8
2.5	0.28328	375.89388	0.000844067	84.6	672301330.5
2.5	0.28428	375.9432	0.000846154	84.7	694376930.2
2.5	0.28529	375.99246	0.000848123	84.7	694506199.1
2.5	0.28629	376.04156	0.000850406	84.6	673013924.8
2.5	0.28729	376.09055	0.000852168	84.7	694848965
2.5	0.28829	376.13944	0.000854461	84.7	695245394.5
2.5	0.28929	376.18818	0.000856364	84.7	695329899.3
2.5	0.29029	376.23685	0.000858521	84.7	695622298
2.5	0.29129	376.28534	0.000860792	84.7	696013629.3
2.5	0.29229	376.33376	0.000862571	84.7	696008857.9
2.5	0.29329	376.38205	0.000864842	84.7	696405824.5
2.5	0.29429	376.43021	0.000866627	84.7	696416195
2.5	0.2953	376.4783	0.000868886	84.7	696819146.1
2.5	0.2963	376.52622	0.000870938	84.7	697052603
2.5	0.2973	376.57408	0.000872897	84.8	719841691.7
2.5	0.2983	376.62178	0.000875119	84.7	697589624.1
2.5	0.2993	376.6694	0.000876892	84.8	720246542.9
2.5	0.3003	376.71691	0.000879103	84.8	720629353.7
2.5	0.3013	376.76429	0.000880876	84.7	698015204.1
2.5	0.3023	376.8116	0.000883066	84.8	721030531.2
2.5	0.3033	376.85875	0.000885054	84.7	698588372
2.5	0.3043	376.90586	0.000887012	84.8	721434243.5
2.5	0.30531	376.95279	0.000889177	84.8	721810580
2.5	0.30631	376.99967	0.000890945	84.8	721855489.6
2.5	0.30731	377.04642	0.000893094	84.8	722214498.1
2.5	0.30831	377.09307	0.000894862	84.8	722269275.1
2.5	0.30931	377.13964	0.000897008	84.8	722632006.1
2.5	0.31031	377.18607	0.000898781	84.8	722700224.3
2.5	0.31131	377.23245	0.000900917	84.8	723061676.4
2.5	0.31231	377.27866	0.000903002	84.8	723389316.1
2.5	0.31331	377.32483	0.000904802	84.8	723489548.1
2.5	0.31431	377.37085	0.000906905	84.8	723838661.2
2.5	0.31532	377.41681	0.000908672	84.8	723932170.7
2.5	0.31632	377.46265	0.000910763	84.9	747729289
2.5	0.31732	377.5084	0.000912531	84.8	724371369.5
2.5	0.31832	377.55406	0.000914597	84.9	748163471.6
2.5	0.31932	377.5996	0.000916353	84.8	724797354.8
2.5	0.32032	377.6451	0.000918396	84.9	748584873.1
2.5	0.32132	377.69043	0.000920235	84.9	748755121.4
2.5	0.32232	377.73574	0.000922162	84.9	748997174.1
2.5	0.32332	377.78089	0.000924163	84.9	749306823.9
2.5	0.32432	377.826	0.000925884	84.9	749390822.3
2.5	0.32533	377.87099	0.000927859	85	773944486.5
2.5	0.32633	377.91591	0.000929575	84.9	749786332.5
2.5	0.32733	377.96072	0.000931541	84.9	750082313.7
2.5	0.32833	378.00545	0.000933275	84.9	750195099.2
2.5	0.32933	378.0501	0.00093524	84.9	750497200.4
2.5	0.33033	378.09465	0.000936979	84.9	750622656.3
2.5	0.33133	378.13913	0.00093894	84.9	750929084.6
2.5	0.33233	378.18349	0.000940679	85	775334850.6
2.5	0.33333	378.22781	0.000942618	84.9	751359757
2.5	0.33433	378.27198	0.000944345	85	775773451.4
2.5	0.33534	378.31614	0.00094626	84.9	751789711.8
2.5	0.33634	378.36014	0.000948143	85	776347978
2.5	0.33734	378.40412	0.000949886	84.9	752212616.3
2.5	0.33834	378.44796	0.00095178	85	776795583.5
2.5	0.33934	378.49176	0.000953501	84.9	752643401.5
2.5	0.34034	378.53544	0.000955377	85	777227774.6
2.5	0.34134	378.57908	0.000957093	85	777381877.5
2.5	0.34234	378.6226	0.00095895	85	777656859.4
2.5	0.34334	378.66606	0.000960649	85	777806775.5
2.5	0.34434	378.70943	0.000962477	84.9	753742655.1
2.5	0.34535	378.75273	0.000964165	85	778227474.4
2.5	0.34635	378.79595	0.000965968	84.9	754143726.8
2.5	0.34735	378.83909	0.000967649	85	778627102.8
2.5	0.34835	378.88215	0.000969445	85	778876803.5
2.5	0.34935	378.92513	0.000971132	85	779043286.4
2.5	0.35035	378.96805	0.000972923	85	779296465.6
2.5	0.35135	379.01087	0.000974616	85	779476641.8
2.5	0.35235	379.05364	0.00097639	85	779724355.8
2.5	0.35335	379.09631	0.000978077	85	779908144.7
2.5	0.35435	379.13893	0.000979838	85	780153748.3
2.5	0.35536	379.18144	0.000981519	85	780353918.8
2.5	0.35636	379.22391	0.000983257	85.1	805744537.2
2.5	0.35736	379.26628	0.000984928	85.1	805935949.2
2.5	0.35836	379.30861	0.000986638	85.1	806161741.5
2.5	0.35936	379.35082	0.000988297	85	781187344.7
2.5	0.36036	379.39301	0.000989994	85.1	806576536.5
2.5	0.36136	379.43508	0.000991647	85	781598254.4
2.5	0.36236	379.47713	0.000993326	85.1	806988879.3
2.5	0.36336	379.51906	0.000994974	85	782007668.4
2.5	0.36436	379.56097	0.000996637	85.1	807401481.3
2.5	0.36537	379.60276	0.000998285	85	782433666.5
2.5	0.36637	379.64453	0.000999942	85.1	807839467.2
2.5	0.36737	379.68618	0.001	85.1	806773744.3
2.5	0.36837	379.72781	0.001	85.1	805666375.8
2.5	0.36937	379.76933	0.001	85.1	804569346.3
2.5	0.37037	379.81083	0.00101	85.1	811512263.7
2.5	0.37137	379.85221	0.00101	85.1	810420448.8
2.5	0.37237	379.89357	0.00101	85.2	835368303.1
2.5	0.37337	379.93482	0.00101	85.1	808257513.8
2.5	0.37437	379.97605	0.00101	85.2	833146036.7
2.5	0.37538	380.01716	0.00101	85.1	806138949.2
2.5	0.37638	380.05826	0.00102	85.2	839196948.4
2.5	0.37738	380.09925	0.00102	85.1	811998392.7
2.5	0.37838	380.14022	0.00102	85.2	837016813.2
2.5	0.37938	380.18108	0.00102	85.1	809907097.8
2.5	0.38038	380.22192	0.00102	85.2	834868462.7
2.5	0.38138	380.26266	0.00102	85.1	807845889.6
2.5	0.38238	380.30337	0.00103	85.2	840915352.6
2.5	0.38338	380.344	0.00103	85.1	813714167.7
2.5	0.38438	380.38458	0.00103	85.2	838807807
2.5	0.38539	380.42508	0.00103	85.1	811706218.2
2.5	0.38639	380.46554	0.00103	85.2	836744874.4
2.5	0.38739	380.50593	0.00103	85.2	835717937.8
2.5	0.38839	380.54627	0.00103	85.2	834697945.6
2.5	0.38939	380.58654	0.00104	85.2	841780099.7
2.5	0.39039	380.62676	0.00104	85.2	840765364.3
2.5	0.39139	380.66692	0.00104	85.2	839758180
2.5	0.39239	380.70701	0.00104	85.2	838759120.5
2.5	0.39339	380.74706	0.00104	85.2	837766387.8
2.5	0.39439	380.78704	0.00104	85.2	836781742.2
2.5	0.3954	380.82698	0.00105	85.2	843853919
2.5	0.3964	380.86683	0.00105	85.2	842875485.9
2.5	0.3974	380.90666	0.00105	85.2	841902183.3
2.5	0.3984	380.9464	0.00105	85.2	840938159.7
2.5	0.3994	380.98612	0.00105	85.2	839979238.7
2.5	0.4004	381.02574	0.00105	85.3	865938433.2
2.5	0.4014	381.06536	0.00105	85.2	838084952.4
2.5	0.4024	381.10487	0.00106	85.2	845122998.4
2.5	0.4034	381.14438	0.00106	85.2	844183187.3
2.5	0.4044	381.18379	0.00106	85.3	870285554
2.5	0.40541	381.22318	0.00106	85.2	842342500.2
2.5	0.40641	381.26249	0.00106	85.3	868394344.8
2.5	0.40741	381.30177	0.00106	85.2	840515619.5
2.5	0.40841	381.34098	0.00106	85.3	866517359.1
2.5	0.40941	381.38015	0.00107	85.2	846628999.3
2.5	0.41041	381.41927	0.00107	85.3	872825729.4
2.5	0.41141	381.45833	0.00107	85.3	871903787.1
2.5	0.41241	381.49735	0.00107	85.3	870988280
2.5	0.41341	381.53631	0.00107	85.2	843079044.9
2.5	0.41441	381.57524	0.00107	85.3	869178363.7
2.5	0.41542	381.61409	0.00107	85.3	868300004.2
2.5	0.41642	381.65293	0.00108	85.3	875518000.4
2.5	0.41742	381.69167	0.00108	85.3	874631175.9
2.5	0.41842	381.73041	0.00108	85.3	873748307.8
2.5	0.41942	381.76906	0.00108	85.3	872874925
2.5	0.42042	381.8077	0.00108	85.3	872006096.2
2.5	0.42142	381.84627	0.00108	85.3	871145496
2.5	0.42242	381.8848	0.00108	85.3	870291271.1
2.5	0.42342	381.92328	0.00108	85.3	869444023.4
2.5	0.42442	381.96172	0.00109	85.3	876645752
2.5	0.42543	382.00011	0.00109	85.4	903834694.9
2.5	0.42643	382.03845	0.00109	85.3	874984696.4
2.5	0.42743	382.07676	0.00109	85.4	902112275.4
2.5	0.42843	382.115	0.00109	85.3	873335171.7
2.5	0.42943	382.15323	0.00109	85.4	900417472.2
2.5	0.43043	382.19137	0.00109	85.3	871712329.3
2.5	0.43143	382.22951	0.00109	85.4	898750836
2.5	0.43243	382.26756	0.0011	85.3	878098809.1
2.5	0.43343	382.30561	0.0011	85.4	905342036
2.5	0.43443	382.34358	0.0011	85.3	876514088.2
2.5	0.43544	382.38153	0.0011	85.4	903731452.8
2.5	0.43644	382.41944	0.0011	85.4	902927400
2.5	0.43744	382.45729	0.0011	85.4	902131180.3
2.5	0.43844	382.49512	0.0011	85.4	901340250.6
2.5	0.43944	382.53288	0.0011	85.4	900557768.3
2.5	0.44044	382.57064	0.00111	85.4	907959111.4
2.5	0.44144	382.60831	0.00111	85.4	907183345.6
2.5	0.44244	382.64598	0.00111	85.4	906411619.7
2.5	0.44344	382.68358	0.00111	85.4	905648381.2
2.5	0.44444	382.72116	0.00111	85.4	904890444.9
2.5	0.44545	382.75869	0.00111	85.4	904156013.7
2.5	0.44645	382.79619	0.00111	85.4	903411220.8
2.5	0.44745	382.83365	0.00111	85.4	902672982.8
2.5	0.44845	382.87106	0.00112	85.4	910067528.6
2.5	0.44945	382.90845	0.00112	85.4	909335211.8
2.5	0.45045	382.94578	0.00112	85.4	908610765.5
2.5	0.45145	382.9831	0.00112	85.4	907891001
2.5	0.45245	383.02034	0.00112	85.4	907180365.1
2.5	0.45345	383.05759	0.00112	85.4	906473134
2.5	0.45445	383.09476	0.00112	85.4	905775017.3
2.5	0.45546	383.13192	0.00112	85.4	905098190.6
2.5	0.45646	383.16904	0.00112	85.4	904411328.7
2.5	0.45746	383.20611	0.00113	85.4	911800695.2
2.5	0.45846	383.24317	0.00113	85.4	911119665.6
2.5	0.45946	383.28016	0.00113	85.4	910447161.7
2.5	0.46046	383.31715	0.00113	85.4	909778722.1
2.5	0.46146	383.35407	0.00113	85.4	909118798
2.5	0.46246	383.39098	0.00113	85.4	908463571.3
2.5	0.46346	383.42783	0.00113	85.4	907816215.1
2.5	0.46446	383.46467	0.00113	85.4	907173554.2
2.5	0.46547	383.50147	0.00113	85.4	906554449.3
2.5	0.46647	383.53823	0.00113	85.4	905924998.5
2.5	0.46747	383.57497	0.00114	85.4	913312386.8
2.5	0.46847	383.61165	0.00114	85.5	941760868.5
2.5	0.46947	383.64833	0.00114	85.4	912073036.8
2.5	0.47047	383.68494	0.00114	85.4	911463965
2.5	0.47147	383.72155	0.00114	85.4	910858992.3
2.5	0.47247	383.75811	0.00114	85.4	910261297.9
2.5	0.47347	383.79464	0.00114	85.4	909669609.4
2.5	0.47447	383.83115	0.00114	85.5	938021780.9
2.5	0.47548	383.86761	0.00114	85.4	908521571.5
2.5	0.47648	383.90407	0.00115	85.4	915911102.8
2.5	0.47748	383.94046	0.00115	85.5	944468981
2.5	0.47848	383.97685	0.00115	85.4	914772563.6
2.5	0.47948	384.01319	0.00115	85.5	943300460.8
2.5	0.48048	384.04951	0.00115	85.4	913658268.2
2.5	0.48148	384.0858	0.00115	85.5	942156987
2.5	0.48248	384.12206	0.00115	85.4	912567590
2.5	0.48348	384.1583	0.00115	85.5	941037913.7
2.5	0.48448	384.19449	0.00115	85.5	940488760.6
2.5	0.48549	384.23068	0.00115	85.5	939962180
2.5	0.48649	384.2668	0.00115	85.5	939426245.9
2.5	0.48749	384.30293	0.00116	85.5	947058263.4
2.5	0.48849	384.33901	0.00116	85.5	946529007.4
2.5	0.48949	384.37506	0.00116	85.4	916861931.7
2.5	0.49049	384.4111	0.00116	85.5	945488181.1
2.5	0.49149	384.44709	0.00116	85.5	944977933.5
2.5	0.49249	384.48309	0.00116	85.5	944471399.4
2.5	0.49349	384.51902	0.00116	85.5	943973840.6
2.5	0.49449	384.55495	0.00116	85.5	943480662
2.5	0.4955	384.59084	0.00116	85.5	943013185.8
2.5	0.4965	384.6267	0.00116	85.5	942533403.4
2.5	0.4975	384.66255	0.00116	85.5	942058673.9
2.5	0.4985	384.69836	0.00116	85.5	941590966.9
2.5	0.4995	384.73417	0.00117	85.6	979385609.6
2.5	0.5005	384.76993	0.00117	85.5	948781301.2
2.5	0.5015	384.80568	0.00117	85.5	948326882.5
2.5	0.5025	384.84139	0.00117	85.5	947879565.8
2.5	0.5035	384.87709	0.00117	85.5	947437381.8
2.5	0.5045	384.91276	0.00117	85.5	947001653
2.5	0.50551	384.9484	0.00117	85.5	946591527.5
2.5	0.50651	384.98404	0.00117	85.5	946166786.9
2.5	0.50751	385.01963	0.00117	85.5	945749833.9
2.5	0.50851	385.05521	0.00117	85.5	945338049.3
2.5	0.50951	385.09076	0.00117	85.5	944932752.6
2.5	0.51051	385.12629	0.00117	85.5	944533295.3
2.5	0.51151	385.16181	0.00117	85.5	944139031.1
2.5	0.51251	385.19729	0.00118	85.5	951818187.2
2.5	0.51351	385.23277	0.00118	85.5	951432373.7
2.5	0.51451	385.2682	0.00118	85.5	951054460.2
2.5	0.51552	385.30363	0.00118	85.6	980846594
2.5	0.51652	385.33903	0.00118	85.5	950334113
2.5	0.51752	385.37441	0.00118	85.5	949973392.8
2.5	0.51852	385.40978	0.00118	85.5	949617973.4
2.5	0.51952	385.44511	0.00118	85.5	949269836.8
2.5	0.52052	385.48045	0.00118	85.5	948925706.9
2.5	0.52152	385.51574	0.00118	85.5	948589535.1
2.5	0.52252	385.55102	0.00118	85.5	948258704.2
2.5	0.52352	385.58628	0.00118	85.5	947933881.2
2.5	0.52452	385.62152	0.00118	85.5	947615076.8
2.5	0.52553	385.65675	0.00118	85.5	947321612.2
2.5	0.52653	385.69195	0.00119	85.5	955040463.4
2.5	0.52753	385.72715	0.00119	85.6	984975950.6
2.5	0.52853	385.76231	0.00119	85.5	954438868.3
2.5	0.52953	385.79746	0.00119	85.6	984363017
2.5	0.53053	385.83259	0.00119	85.5	953861780.2
2.5	0.53153	385.8677	0.00119	85.6	983774749
2.5	0.53253	385.90281	0.00119	85.6	983488791.4
2.5	0.53353	385.93787	0.00119	85.6	983211248.6
2.5	0.53453	385.97294	0.00119	85.6	982938054.9
2.5	0.53554	386.00798	0.00119	85.5	952544793.2
2.5	0.53654	386.04301	0.00119	85.6	982432763.8
2.5	0.53754	386.07803	0.00119	85.5	952051052.5
2.5	0.53854	386.11302	0.00119	85.6	981930717.2
2.5	0.53954	386.14801	0.00119	85.5	951581628
2.5	0.54054	386.18296	0.00119	85.5	951356971.6
2.5	0.54154	386.21791	0.00119	85.6	981224428.2
2.5	0.54254	386.25285	0.00119	85.6	981000856.2
2.5	0.54354	386.28776	0.00119	85.6	980784479.7
2.5	0.54454	386.32267	0.0012	85.6	988813395.9
2.5	0.54555	386.35756	0.0012	85.6	988628785.1
2.5	0.54655	386.39244	0.0012	85.5	958133847.8
2.5	0.54755	386.4273	0.0012	85.6	988234661.4
2.5	0.54855	386.46215	0.0012	85.6	988046893
2.5	0.54955	386.49698	0.0012	85.6	987865797.2
2.5	0.55055	386.5318	0.0012	85.5	957429509.2
2.5	0.55155	386.56662	0.0012	85.6	987520969.9
2.5	0.55255	386.6014	0.0012	85.6	987359315.6
2.5	0.55355	386.63619	0.0012	85.6	987202364.3
2.5	0.55455	386.67096	0.0012	85.6	987052175.1
2.5	0.55556	386.70572	0.0012	85.6	986930292.5
2.5	0.55656	386.74047	0.0012	85.6	986792371.5
2.5	0.55756	386.7752	0.0012	85.5	956450338.3
2.5	0.55856	386.80993	0.0012	85.6	986535648.3
2.5	0.55956	386.84464	0.0012	85.6	986416885.7
2.5	0.56056	386.87934	0.0012	85.6	986304322.8
2.5	0.56156	386.91404	0.0012	85.6	986197302
2.5	0.56256	386.94871	0.0012	85.6	986097878.9
2.5	0.56356	386.98339	0.0012	85.5	955828566.3
2.5	0.56456	387.01804	0.0012	85.6	985916484.5
2.5	0.56557	387.0527	0.0012	85.6	985857249.5
2.5	0.56657	387.08734	0.0012	85.6	985782377.5
2.5	0.56757	387.12197	0.0012	85.5	955558551.3
2.5	0.56857	387.1566	0.0012	85.6	985651028.4
2.5	0.56957	387.1912	0.00121	85.6	993809250.3
2.5	0.57057	387.22581	0.00121	85.6	993758820.2
2.5	0.57157	387.2604	0.00121	85.6	993715567.9
2.5	0.57257	387.29499	0.00121	85.6	993678152.6
2.5	0.57357	387.32957	0.00121	85.6	993647280.8
2.5	0.57457	387.36414	0.00121	85.6	993622977
2.5	0.57558	387.3987	0.00121	85.6	993628676.8
2.5	0.57658	387.43325	0.00121	85.6	993617638.5
2.5	0.57758	387.4678	0.00121	85.6	993612562.5
2.5	0.57858	387.50234	0.00121	85.5	963246540
2.5	0.57958	387.53688	0.00121	85.6	993621763.8
2.5	0.58058	387.57141	0.00121	85.6	993636093.8
2.5	0.58158	387.60593	0.00121	85.5	963296232.9
2.5	0.58258	387.64045	0.00121	85.6	993684346.2
2.5	0.58358	387.67496	0.00121	85.5	963360838
2.5	0.58458	387.70947	0.00121	85.6	993758450.3
2.5	0.58559	387.74397	0.00121	85.6	993829417.8
2.5	0.58659	387.77847	0.00121	85.6	993882670.4
2.5	0.58759	387.81296	0.00121	85.6	993942839.6
2.5	0.58859	387.84745	0.00121	85.5	963656197.5
2.5	0.58959	387.88193	0.00121	85.5	963730022.5
2.5	0.59059	387.91641	0.00121	85.5	963809979.1
2.5	0.59159	387.95089	0.00121	85.5	963896096.7
2.5	0.59259	387.98537	0.00121	85.6	994340983.9
2.5	0.59359	388.01983	0.00121	85.5	964088251.2
2.5	0.59459	388.0543	0.00121	85.5	964193690
2.5	0.5956	388.08876	0.00121	85.5	964329914.5
2.5	0.5966	388.12322	0.00121	85.5	964448668.7
2.5	0.5976	388.15768	0.00121	85.5	964573767.9
2.5	0.5986	388.19214	0.00121	85.6	995063962.2
2.5	0.5996	388.22659	0.00121	85.5	964843787.2
2.5	0.6006	388.26105	0.00121	85.6	995350260.2
2.5	0.6016	388.2955	0.00121	85.5	965139573.3
2.5	0.6026	388.32995	0.00121	85.5	965297540.7
2.5	0.6036	388.3644	0.00121	85.5	965462049.8
2.5	0.6046	388.39884	0.00121	85.5	965633792.9
2.5	0.60561	388.43329	0.00121	85.5	965835976.7
2.5	0.60661	388.46774	0.00121	85.5	966020383.9
2.5	0.60761	388.50219	0.00121	85.5	966211472.1
2.5	0.60861	388.53664	0.00121	85.5	966409277
2.5	0.60961	388.57108	0.00121	85.5	966614493.1
2.5	0.61061	388.60553	0.00121	85.5	966825840.2
2.5	0.61161	388.63998	0.00121	85.5	967044013.7
2.5	0.61261	388.67444	0.00121	85.5	967268392.4
2.5	0.61361	388.70889	0.00121	85.5	967500331
2.5	0.61461	388.74334	0.00121	85.5	967739209.4
2.5	0.61562	388.7778	0.00121	85.5	968009590.8
2.5	0.61662	388.81226	0.00121	85.5	968261878.9
2.5	0.61762	388.84673	0.00121	85.5	968520565.9
2.5	0.61862	388.88119	0.00121	85.5	968787009.3
2.5	0.61962	388.91566	0.00121	85.5	969059932.1
2.5	0.62062	388.95013	0.00121	85.5	969340033.9
2.5	0.62162	388.98461	0.00121	85.5	969626697.2
2.5	0.62262	389.01909	0.00121	85.5	969920622.8
2.5	0.62362	389.05358	0.00121	85.5	970221193.8
2.5	0.62462	389.08806	0.00121	85.5	970529771.6
2.5	0.62563	389.12256	0.00121	85.5	970870354.3
2.5	0.62663	389.15705	0.00121	85.5	971193176.3
2.5	0.62763	389.19156	0.00121	85.5	971522158.9
2.5	0.62863	389.22606	0.00121	85.5	971859325.4
2.5	0.62963	389.26058	0.00121	85.5	972202742.1
2.5	0.63063	389.29509	0.00121	85.5	972554434.2
2.5	0.63163	389.32962	0.00121	85.5	972912468.3
2.5	0.63263	389.36415	0.00121	85.5	973278211.1
2.5	0.63363	389.39868	0.00121	85.5	973651710.2
2.5	0.63463	389.43323	0.00121	85.5	974031692.9
2.5	0.63564	389.46778	0.00121	85.5	974446271.5
2.5	0.63664	389.50234	0.00121	85.5	974841432.4
2.5	0.63764	389.53691	0.00121	85.5	975243884.5
2.5	0.63864	389.57148	0.00121	85.5	975654339
2.5	0.63964	389.60606	0.00121	85.5	976072185.6
2.5	0.64064	389.64065	0.00121	85.5	976497475.4
2.5	0.64164	389.67525	0.00121	85.5	976930260.2
2.5	0.64264	389.70986	0.00121	85.5	977370592.4
2.5	0.64364	389.74448	0.0012	85.5	969737380
2.5	0.64464	389.77911	0.0012	85.5	970189201.2
2.5	0.64565	389.81374	0.0012	85.4	941183340
2.5	0.64665	389.84839	0.0012	85.5	971143971.1
2.5	0.64765	389.88305	0.0012	85.5	971618980.6
2.5	0.64865	389.91771	0.0012	85.5	972102457.8
2.5	0.64965	389.95239	0.0012	85.5	972593144.1
2.5	0.65065	389.98708	0.0012	85.4	943537938.7
2.5	0.65165	390.02178	0.0012	85.5	973598344.6
2.5	0.65265	390.05649	0.0012	85.4	944533327.8
2.5	0.65365	390.09122	0.0012	85.5	974635044.5
2.5	0.65465	390.12595	0.0012	85.4	945559501.6
2.5	0.65566	390.1607	0.0012	85.5	975732712.2
2.5	0.65666	390.19546	0.0012	85.5	976279535.7
2.5	0.65766	390.23023	0.0012	85.4	947185410.8
2.5	0.65866	390.26503	0.0012	85.4	947733200
2.5	0.65966	390.29982	0.0012	85.4	948290481.2
2.5	0.66066	390.33464	0.0012	85.4	948854759.6
2.5	0.66166	390.36947	0.0012	85.4	949427376.5
2.5	0.66266	390.40431	0.0012	85.4	950008395.5
2.5	0.66366	390.43918	0.0012	85.4	950596600.3
2.5	0.66466	390.47404	0.0012	85.4	951194617.6
2.5	0.66567	390.50894	0.0012	85.4	951827778.7
2.5	0.66667	390.54384	0.00119	85.4	944504863.9
2.5	0.66767	390.57876	0.00119	85.4	945121870.7
2.5	0.66867	390.6137	0.00119	85.4	945746968
2.5	0.66967	390.64864	0.00119	85.4	946381497.7
2.5	0.67067	390.68362	0.00119	85.4	947022981.2
2.5	0.67167	390.7186	0.00119	85.4	947674036.6
2.5	0.67267	390.75361	0.00119	85.4	948332822.5
2.5	0.67367	390.78863	0.00119	85.4	949000685.7
2.5	0.67467	390.82366	0.00119	85.4	949677699.4
2.5	0.67568	390.85873	0.00119	85.3	921590329.4
2.5	0.67668	390.89379	0.00119	85.4	951086333.7
2.5	0.67768	390.9289	0.00119	85.3	922949933.6
2.5	0.67868	390.96401	0.00119	85.3	923642831.9
2.5	0.67968	390.99914	0.00119	85.4	953220881.6
2.5	0.68068	391.0343	0.00119	85.3	925053954
2.5	0.68168	391.06946	0.00119	85.4	954689466.8
2.5	0.68268	391.10467	0.00118	85.3	918714461.5
2.5	0.68368	391.13987	0.00118	85.3	919445666.1
2.5	0.68468	391.17512	0.00118	85.3	920183955.2
2.5	0.68569	391.21037	0.00118	85.3	920961792.1
2.5	0.68669	391.24565	0.00118	85.3	921718923.7
2.5	0.68769	391.28096	0.00118	85.3	922484614
2.5	0.68869	391.31627	0.00118	85.3	923260800.4
2.5	0.68969	391.35163	0.00118	85.3	924044474.1
2.5	0.69069	391.38699	0.00118	85.3	924838813.4
2.5	0.69169	391.42239	0.00118	85.3	925641427.3
2.5	0.69269	391.45781	0.00118	85.3	926453640.9
2.5	0.69369	391.49324	0.00118	85.3	927276163.2
2.5	0.69469	391.52872	0.00118	85.3	928106600.1
2.5	0.6957	391.56419	0.00117	85.3	921106589.3
2.5	0.6967	391.59972	0.00117	85.3	921949156.4
2.5	0.6977	391.63526	0.00117	85.3	922802306.5
2.5	0.6987	391.67083	0.00117	85.2	895730982
2.5	0.6997	391.70643	0.00117	85.3	924537026.3
2.5	0.7007	391.74204	0.00117	85.2	897438034.7
2.5	0.7017	391.7777	0.00117	85.3	926311504.6
2.5	0.7027	391.81336	0.00117	85.3	927214669.4
2.5	0.7037	391.84908	0.00117	85.3	928125897.2
2.5	0.7047	391.88481	0.00117	85.3	929048386.3
2.5	0.70571	391.92057	0.00117	85.2	901904360.9
2.5	0.70671	391.95636	0.00117	85.3	930955576
2.5	0.70771	391.99217	0.00116	85.2	896024651.4
2.5	0.70871	392.02803	0.00116	85.3	924899354.2
2.5	0.70971	392.06389	0.00116	85.2	897893689.3
2.5	0.71071	392.09982	0.00116	85.2	898842028.7
2.5	0.71171	392.13575	0.00116	85.2	899802516.4
2.5	0.71271	392.17173	0.00116	85.2	900772263
2.5	0.71371	392.20773	0.00116	85.2	901753175.5
2.5	0.71471	392.24376	0.00116	85.2	902744764
2.5	0.71572	392.27984	0.00116	85.2	903777726.7
2.5	0.71672	392.31592	0.00115	85.2	896991822.6
2.5	0.71772	392.35207	0.00115	85.2	898005636.5
2.5	0.71872	392.38823	0.00115	85.2	899031679.2
2.5	0.71972	392.42444	0.00115	85.2	900067675
2.5	0.72072	392.46067	0.00115	85.2	901115537.1
2.5	0.72172	392.49693	0.00115	85.2	902174787
2.5	0.72272	392.53325	0.00115	85.2	903243744
2.5	0.72372	392.56957	0.00115	85.2	904326134.1
2.5	0.72472	392.60597	0.00115	85.2	905417272
2.5	0.72573	392.64236	0.00114	85.2	898672657.2
2.5	0.72673	392.67883	0.00114	85.2	899777549.3
2.5	0.72773	392.71531	0.00114	85.1	873721710.5
2.5	0.72873	392.75184	0.00114	85.2	902024759.6
2.5	0.72973	392.78841	0.00114	85.1	875928110.8
2.5	0.73073	392.825	0.00114	85.1	877049632.2
2.5	0.73173	392.86166	0.00114	85.1	878181021.7
2.5	0.73273	392.89832	0.00114	85.1	879326487.8
2.5	0.73373	392.93507	0.00113	85.1	872757403.1
2.5	0.73473	392.97182	0.00113	85.1	873915935.3
2.5	0.73574	393.00864	0.00113	85.1	875117895.1
2.5	0.73674	393.04549	0.00113	85.1	876299680.2
2.5	0.73774	393.08238	0.00113	85.1	877493799
2.5	0.73874	393.11932	0.00113	85.1	878699813.6
2.5	0.73974	393.15628	0.00113	85.1	879919616.3
2.5	0.74074	393.19332	0.00113	85.1	881149859.5
2.5	0.74174	393.23037	0.00112	85.1	874585970.8
2.5	0.74274	393.2675	0.00112	85	849449126.9
2.5	0.74374	393.30465	0.00112	85.1	877089320.2
2.5	0.74474	393.34186	0.00112	85	851907578.6
2.5	0.74575	393.37911	0.00112	85	853189265.5
2.5	0.74675	393.4164	0.00112	85	854450764.8
2.5	0.74775	393.45375	0.00112	85	855724480.5
2.5	0.74875	393.49112	0.00111	85	849360932.9
2.5	0.74975	393.52858	0.00111	85	850648524.6
2.5	0.75075	393.56604	0.00111	85	851952073.5
2.5	0.75175	393.60361	0.00111	85	853265562.1
2.5	0.75275	393.64117	0.00111	85	854595911.2
2.5	0.75375	393.67883	0.00111	85	855937094.3
2.5	0.75475	393.71651	0.00111	85	857293796.5
2.5	0.75576	393.75425	0.0011	84.9	825361932.1
2.5	0.75676	393.79205	0.0011	85	852334552.4
2.5	0.75776	393.82988	0.0011	84.9	828042140.1
2.5	0.75876	393.8678	0.0011	85	855120414.1
2.5	0.75976	393.90573	0.0011	84.9	830777243.2
2.5	0.76076	393.94376	0.0011	85	857964130
2.5	0.76176	393.98179	0.0011	84.9	833569238.7
2.5	0.76276	394.01993	0.00109	84.9	827394546.7
2.5	0.76376	394.05809	0.00109	84.9	828814179
2.5	0.76476	394.09633	0.00109	84.9	830247160
2.5	0.76577	394.13461	0.00109	84.9	831731374.7
2.5	0.76677	394.17296	0.00109	84.9	833194583.4
2.5	0.76777	394.21137	0.00109	84.9	834672829.1
2.5	0.76877	394.24982	0.00108	84.9	828496155.1
2.5	0.76977	394.28836	0.00108	84.8	805053837.5
2.5	0.77077	394.32692	0.00108	84.8	806523062.9
2.5	0.77177	394.36559	0.00108	84.9	833028221.7
2.5	0.77277	394.40427	0.00108	84.8	809504907.1
2.5	0.77377	394.44307	0.00107	84.8	803507991.6
2.5	0.77477	394.48187	0.00107	84.8	805025423.9
2.5	0.77578	394.5208	0.00107	84.8	806591125.4
2.5	0.77678	394.55973	0.00107	84.8	808140472
2.5	0.77778	394.59878	0.00107	84.8	809703087.7
2.5	0.77878	394.63786	0.00107	84.8	811283970.5
2.5	0.77978	394.67704	0.00106	84.8	805282633.7
2.5	0.78078	394.71626	0.00106	84.7	782664759.8
2.5	0.78178	394.75556	0.00106	84.8	808496413.3
2.5	0.78278	394.79493	0.00106	84.7	785818988.3
2.5	0.78378	394.83437	0.00106	84.8	811777464.9
2.5	0.78478	394.87388	0.00105	84.7	781596227.9
2.5	0.78579	394.91345	0.00105	84.8	807476657.9
2.5	0.78679	394.95312	0.00105	84.7	784891275.7
2.5	0.78779	394.99283	0.00105	84.8	810867109.4
2.5	0.78879	395.03265	0.00105	84.6	764581738.7
2.5	0.78979	395.0725	0.00104	84.7	782388891.5
2.5	0.79079	395.11248	0.00104	84.6	760570970.9
2.5	0.79179	395.15248	0.00104	84.7	785792257.3
2.5	0.79279	395.19262	0.00104	84.6	763912053.4
2.5	0.79379	395.23277	0.00104	84.7	789268964
2.5	0.79479	395.27307	0.00103	84.6	759947303.3
2.5	0.7958	395.31338	0.00103	84.7	785235956.6
2.5	0.7968	395.35385	0.00103	84.6	763438277.6
2.5	0.7978	395.39433	0.00103	84.7	788829885.1
2.5	0.7988	395.43495	0.00103	84.6	766967893.2
2.5	0.7998	395.4756	0.00102	84.6	761299113.4
2.5	0.8008	395.51639	0.00102	84.6	763093288.8
2.5	0.8018	395.55721	0.00102	84.6	764909895.6
2.5	0.8028	395.59817	0.00102	84.6	766743785.9
2.5	0.8038	395.63917	0.00102	84.6	768600262.8
2.5	0.8048	395.68031	0.00101	84.5	740078631.7
2.5	0.80581	395.72149	0.00101	84.6	764839437.5
2.5	0.80681	395.7628	0.00101	84.5	743785787.7
2.5	0.80781	395.80417	0.00101	84.6	768658725
2.5	0.80881	395.84567	0.001	84.5	740135227.6
2.5	0.80981	395.88723	0.001	84.5	742024027.7
2.5	0.81081	395.92891	0.000999774	84.5	743764718.7
2.5	0.81181	395.97066	0.000997458	84.5	743968468.6
2.5	0.81281	396.01254	0.000995149	84.5	744188665
2.5	0.81381	396.05449	0.000992802	84.4	722127790
2.5	0.81481	396.09657	0.000990477	84.4	722357247.4
2.5	0.81582	396.1387	0.00098808	84.4	722588526.5
2.5	0.81682	396.18099	0.000985732	84.4	722826772.8
2.5	0.81782	396.22333	0.000983289	84.3	701392573
2.5	0.81882	396.26582	0.000980918	84.4	723258648.6
2.5	0.81982	396.30837	0.000978448	84.3	701822113
2.5	0.82082	396.35108	0.000976071	84.4	723718665.8
2.5	0.82182	396.39383	0.000973557	84.3	702267811.8
2.5	0.82282	396.43676	0.000971163	84.4	724187933.2
2.5	0.82382	396.47972	0.000968602	84.3	702720349.8
2.5	0.82482	396.52288	0.000966184	84.4	724659234.7
2.5	0.82583	396.56606	0.000963569	84.3	703210140.2
2.5	0.82683	396.60945	0.000960953	84.3	703380500.3
2.5	0.82783	396.65287	0.000958431	84.3	703637230.4
2.5	0.82883	396.69649	0.000955716	84.2	682744223.6
2.5	0.82983	396.74015	0.000953213	84.3	704060680
2.5	0.83083	396.784	0.000950459	84.2	683158647.1
2.5	0.83183	396.82791	0.000947939	84.3	704498944.9
2.5	0.83283	396.872	0.000945137	84.2	683581110.2
2.5	0.83383	396.91617	0.000942611	84.2	683912003.2
2.5	0.83483	396.96049	0.000939775	84.2	684031120.6
2.5	0.83584	397.00493	0.000937237	84.2	684423559.8
2.5	0.83684	397.0495	0.000934363	84.2	684543707.4
2.5	0.83784	397.09421	0.000931809	84.1	664477791.4
2.5	0.83884	397.13902	0.000928886	84.2	685026545.8
2.5	0.83984	397.18401	0.00092632	84.1	664971468.5
2.5	0.84084	397.22907	0.000923357	84.2	685531327.9
2.5	0.84184	397.27436	0.000920608	84.1	665363030.4
2.5	0.84284	397.31968	0.000917761	84.1	665590054.8
2.5	0.84384	397.36525	0.000914702	84.1	665673201.8
2.5	0.84484	397.41088	0.000912085	84	646239051
2.5	0.84585	397.45671	0.000908987	84.1	666225668.5
2.5	0.84685	397.50265	0.000906363	84	646805635.3
2.5	0.84785	397.54874	0.000903226	84.1	666765301.9
2.5	0.84885	397.595	0.000900579	84	647348792.6
2.5	0.84985	397.64137	0.000897382	84	647425433
2.5	0.85085	397.68796	0.000894644	84	647846312.4
2.5	0.85185	397.73461	0.000891476	83.9	628673823.1
2.5	0.85285	397.78153	0.000888197	84	648035261.2
2.5	0.85385	397.82852	0.000885499	83.9	629224352.4
2.5	0.85485	397.87573	0.000882154	84	648582662.1
2.5	0.85586	397.92308	0.000879433	83.9	629820270.2
2.5	0.85686	397.97059	0.000876026	83.9	629853492.5
2.5	0.85786	398.01831	0.000873283	84	649719759.2
2.5	0.85886	398.06611	0.000869831	83.8	611650301.7
2.5	0.85986	398.11421	0.000866366	83.9	630449180
2.5	0.86086	398.16239	0.000863571	83.8	612216951.3
2.5	0.86186	398.2108	0.000860029	83.8	612232541.4
2.5	0.86286	398.25938	0.000857251	83.9	631599717.3
2.5	0.86386	398.30811	0.000853659	83.7	594594962.7
2.5	0.86486	398.3571	0.000850509	83.8	613169570.8
2.5	0.86587	398.40619	0.000847201	83.8	613468332.3
2.5	0.86687	398.45556	0.000843491	83.7	595202871.1
2.5	0.86787	398.50508	0.000840656	83.8	614075772.2
2.5	0.86887	398.55479	0.000836904	83.7	595802218.2
2.5	0.86987	398.60476	0.00083379	83.7	596255702.4
2.5	0.87087	398.65484	0.000830284	83.7	596451162.4
2.5	0.87187	398.70523	0.000826472	83.6	578715411.2
2.5	0.87287	398.75577	0.000823649	83.7	597163867.5
2.5	0.87387	398.8065	0.000819812	83.7	597173492.5
2.5	0.87487	398.85752	0.000816494	83.6	579825484.6
2.5	0.87588	398.90867	0.000813081	83.7	597982886
2.5	0.87688	398.96011	0.000809138	83.6	580208849.9
2.5	0.87788	399.01176	0.000806275	83.6	580991619
2.5	0.87888	399.06357	0.000802281	83.6	580982705.8
2.5	0.87988	399.11574	0.000798402	83.6	581069985.2
2.5	0.88088	399.16805	0.000795337	83.5	564505827.6
2.5	0.88188	399.22062	0.000791235	83.6	581741046.2
2.5	0.88288	399.27348	0.000787791	83.5	564932457.5
2.5	0.88388	399.32651	0.000784173	83.5	565289232.5
2.5	0.88488	399.37986	0.000779966	83.6	582520306.5
2.5	0.88589	399.43346	0.000776825	83.5	566031664.7
2.5	0.88689	399.48724	0.000772798	83.5	566156070.8
2.5	0.88789	399.5414	0.000768517	83.5	566109266
2.5	0.88889	399.59578	0.000765566	83.5	567067783.2
2.5	0.88989	399.65036	0.000761275	83.5	567060739.2
2.5	0.89089	399.70536	0.000756925	83.5	567023813.7
2.5	0.89189	399.76057	0.000754004	83.5	568085493.6
2.5	0.89289	399.81599	0.00074963	83.4	551245824.2
2.5	0.89389	399.87185	0.000745226	83.5	568069162.2
2.5	0.89489	399.92793	0.000742184	83.5	569124815.9
2.5	0.8959	399.98424	0.000737727	83.4	552318860.3
2.5	0.8969	400.041	0.000733166	83.4	552259500.6
2.5	0.8979	400.09802	0.000729906	83.5	570091611.4
2.5	0.8989	400.15529	0.000725571	83.5	570258771.4
2.5	0.8999	400.21299	0.000720911	83.4	553308188.7
2.5	0.9009	400.271	0.000717269	83.5	570953337.6
2.5	0.9019	400.32928	0.000713224	83.5	571429641.8
2.5	0.9029	400.38796	0.000708486	83.4	554465567.1
2.5	0.9039	400.44702	0.000704311	83.4	554879743.5
2.5	0.9049	400.50639	0.000700681	83.4	555756964.6
2.5	0.90591	400.56608	0.000695838	83.5	572703097.4
2.5	0.90691	400.62628	0.000690969	83.5	572643274.1
2.5	0.90791	400.6868	0.000687202	83.5	573530005
2.5	0.90891	400.74766	0.000682998	83.5	574089712.8
2.5	0.90991	400.80894	0.000678048	83.6	591539287.4
2.5	0.91091	400.87069	0.000673424	83.6	591808295.5
2.5	0.91191	400.93281	0.00066943	83.5	575152976.1
2.5	0.91291	400.9953	0.000664959	83.6	593147565.2
2.5	0.91391	401.05825	0.00065986	83.6	593097269.5
2.5	0.91491	401.12172	0.000655116	83.7	611457397.6
2.5	0.91592	401.18559	0.000650879	83.7	612348664.6
2.5	0.91692	401.24988	0.000646489	83.7	613069505.8
2.5	0.91792	401.31462	0.000641293	83.8	631717277.2
2.5	0.91892	401.37996	0.000636146	83.8	631787481.4
2.5	0.91992	401.44575	0.000631696	83.8	632593500.4
2.5	0.92092	401.51201	0.00062718	84	672491255.7
2.5	0.92192	401.57875	0.00062241	84	673103160.8
2.5	0.92292	401.64603	0.000617044	84	673114564.4
2.5	0.92392	401.71394	0.000611816	84	673314638.1
2.5	0.92492	401.78238	0.000607075	84.2	715694369.4
2.5	0.92593	401.85135	0.000602273	84.2	716608117.3
2.5	0.92693	401.92089	0.000597396	84.3	739191353.8
2.5	0.92793	401.99099	0.000592231	84.4	762174074
2.5	0.92893	402.06174	0.000586694	84.5	785425789.4
2.5	0.92993	402.13318	0.000581317	84.5	785797050.6
2.5	0.93093	402.20524	0.000576191	84.7	835054846.5
2.5	0.93193	402.27795	0.000571006	84.8	861231307.1
2.5	0.93293	402.35133	0.000565758	84.9	888202225
2.5	0.93393	402.4254	0.000560445	85.1	943778822.7
2.5	0.93493	402.50017	0.000555085	85.2	973298878.2
2.5	0.93594	402.57568	0.000549675	85.3	1003894759
2.5	0.93694	402.65193	0.000544024	85.5	1066310043
2.5	0.93794	402.72901	0.000538241	85.6	1099087081
2.5	0.93894	402.80692	0.000532579	85.8	1167570477
2.5	0.93994	402.88565	0.000526935	85.9	1203978865
2.5	0.94094	402.96523	0.00052124	86.1	1279139823
2.5	0.94194	403.04569	0.000515492	86.3	1358974838
2.5	0.94294	403.12705	0.00050967	86.5	1443717200
2.5	0.94394	403.20936	0.000503764	86.8	1580070072
2.5	0.94494	403.29265	0.000497783	86.9	1629057008
2.5	0.94595	403.37694	0.000491741	87.2	1783078886
2.5	0.94695	403.46229	0.000485664	87.5	1951339130
2.5	0.94795	403.54871	0.000479564	87.8	2135575398
2.5	0.94895	403.63624	0.000473414	88	2268573370
2.5	0.94995	403.72492	0.000467196	88.3	2482658048
2.5	0.95095	403.81479	0.000460726	88.6	2715752882
2.5	0.95195	403.90598	0.000454106	88.9	2970033468
2.5	0.95295	403.9985	0.000447585	89.3	3347340648
2.5	0.95395	404.09236	0.000441073	89.7	3773031632
2.5	0.95495	404.18763	0.000434535	90	4128363641
2.5	0.95596	404.28434	0.000427994	90.3	4518748542
2.5	0.95696	404.38254	0.000421445	90.7	5094875125
2.5	0.95796	404.48228	0.000414392	91.1	5738285416
2.5	0.95896	404.58386	0.000407229	91.6	6656820202
2.5	0.95996	404.68714	0.000400466	92.1	7730866753
2.5	0.96096	404.79217	0.000393721	92.5	8717037589
2.5	0.96196	404.89902	0.000386344	93.1	1.041551024e+10
2.5	0.96296	405.00811	0.000378888	93.6	1.207924602e+10
2.5	0.96396	405.1192	0.000372007	94.1	1.40322225e+10
2.5	0.96496	405.23236	0.000364424	94.7	1.676323649e+10
2.5	0.96597	405.34813	0.000356805	95.2	1.944606115e+10
2.5	0.96697	405.46617	0.000349451	96	2.467365297e+10
2.5	0.96797	405.58687	0.000341715	96.5	2.861399549e+10
2.5	0.96897	405.71032	0.000333999	97.2	3.521926788e+10
2.5	0.96997	405.83665	0.00032621	97.9	4.334733979e+10
2.5	0.97097	405.96607	0.000318254	98.7	5.493737729e+10
2.5	0.97197	406.0988	0.000310431	99.4	6.763527641e+10
2.5	0.97297	406.23482	0.000302264	100.2	8.569592868e+10
2.5	0.97397	406.37484	0.000293891	101	1.085242177e+11
2.5	0.97497	406.51871	0.000285788	101.8	1.375943975e+11
2.5	0.97598	406.66678	0.00027747	102.8	1.850751878e+11
2.5	0.97698	406.81941	0.000268852	103.7	2.413909689e+11
2.5	0.97798	406.97713	0.000260096	104.7	3.242064804e+11
2.5	0.97898	407.14022	0.000251375	105.8	4.486862501e+11
2.5	0.97998	407.30907	0.000242562	106.9	6.209513077e+11
2.5	0.98098	407.48423	0.000233503	108.1	8.845429026e+11
2.5	0.98198	407.66646	0.000224316	109.1	1.187636126e+12
2.5	0.98298	407.85626	0.000215185	110.5	1.795688453e+12
2.5	0.98398	408.05428	0.000205809	111.7	2.558167408e+12
2.5	0.98498	408.26179	0.000196291	113.1	3.865606993e+12
2.5	0.98599	408.47949	0.000186605	114.7	6.199671881e+12
2.5	0.98699	408.70913	0.000176712	116.2	9.645922327e+12
2.5	0.98799	408.9519	0.000166757	117.9	1.593034951e+13
2.5	0.98899	409.20982	0.000156574	119.8	2.790382731e+13
2.5	0.98999	409.48524	0.000146083	121.6	4.74493789e+13
2.5	0.99099	409.78161	0.000135348	123.8	9.078539571e+13
2.5	0.99199	410.10253	0.000124384	126	1.738981636e+14
2.5	0.99299	410.45361	0.000113065	128.4	3.535757195e+14
2.5	0.99399	410.84221	0.000101357	131	7.637870528e+14
2.5	0.99499	411.27947	8.91528e-05	134.2	1.972484104e+15
2.5	0.996	411.78246	7.62519e-05	137.6	5.437418586e+15
2.5	0.997	412.38187	6.23247e-05	141.3	1.644558699e+16
2.5	0.998	413.13928	4.6809e-05	144.6	4.489954784e+16
2.5	0.999	414.22118	2.44475e-05	135.8	3.263437381e+15
5	0	318.8167	5.08177e-06	78.2	33013766.41
5	0.001	335.23161	1.4012e-05	77.1	14481920.74
5	0.002	338.86756	2.88437e-05	78.2	32769642.58
5	0.003	341.26837	4.0186e-05	78.3	38943427.4
5	0.004	343.09661	5.0738e-05	79	54304971.92
5	0.00501	344.59022	6.07129e-05	79.1	59738332.6
5	0.00601	345.86227	7.02532e-05	78.9	58313262.93
5	0.00701	346.97553	7.95096e-05	79.4	71944626.2
5	0.00801	347.96754	8.86215e-05	79.5	76822676.02
5	0.00901	348.86301	9.74492e-05	79.6	81565470.23
5	0.01001	349.68287	0.00010602	79.3	75126813.13
5	0.01101	350.43918	0.000114544	79.8	90945801.34
5	0.01201	351.14138	0.000122968	79.8	92524036.01
5	0.01301	351.79747	0.00013131	79.9	97254369.18
5	0.01401	352.41319	0.000139569	79.9	98653484.72
5	0.01502	352.99384	0.000147706	79.9	99927604.34
5	0.01602	353.54354	0.000155745	80	104600524.5
5	0.01702	354.06575	0.000163723	80.1	109393357.4
5	0.01802	354.56314	0.000171671	80.4	122360259
5	0.01902	355.03809	0.000179513	80.5	127746539.3
5	0.02002	355.49294	0.000187288	80.4	124554046.3
5	0.02102	355.92926	0.000195018	80.3	121396865.7
5	0.02202	356.34875	0.000202648	80.3	122305468.5
5	0.02302	356.75281	0.000210249	80.5	131775386.6
5	0.02402	357.14251	0.000217866	80.6	137245880.2
5	0.02503	357.51881	0.00022541	80.7	142868179.5
5	0.02603	357.88285	0.000232847	80.7	143709289.3
5	0.02703	358.23548	0.000240256	80.8	149458815.4
5	0.02803	358.57741	0.000247639	80.9	155398091.9
5	0.02903	358.90933	0.000255003	81	161537802.7
5	0.03003	359.23179	0.000262369	81	162370347
5	0.03103	359.54533	0.00026966	81	163150134.8
5	0.03203	359.85058	0.000276836	81	163854891.4
5	0.03303	360.14807	0.00028404	81	164570809.5
5	0.03403	360.43804	0.000291197	81.1	170864001.5
5	0.03504	360.72108	0.000298293	81	165904280.8
5	0.03604	360.99741	0.000305431	81.1	172214348.8
5	0.03704	361.26737	0.00031251	81.1	172862849.8
5	0.03804	361.53133	0.000319564	81.2	179363407.5
5	0.03904	361.7895	0.000326643	81.3	186108982.9
5	0.04004	362.04214	0.000333684	81.3	186762747.7
5	0.04104	362.28953	0.000340648	81.4	193696519
5	0.04204	362.53194	0.000347559	81.4	194289728.8
5	0.04304	362.76959	0.000354436	81.4	194862924.1
5	0.04404	363.00269	0.000361275	81.4	195414478.6
5	0.04505	363.23143	0.000368205	81.5	202615284.8
5	0.04605	363.45583	0.000375103	81.6	210050591.5
5	0.04705	363.67623	0.000381862	81.5	203734446.1
5	0.04805	363.89276	0.000388736	81.6	211182550.8
5	0.04905	364.10543	0.000395536	81.6	211740505.9
5	0.05005	364.31458	0.000402362	81.6	212310297.9
5	0.05105	364.5201	0.000409136	81.6	212854388.1
5	0.05205	364.72238	0.000415784	81.7	220484216
5	0.05305	364.92138	0.000422494	81.7	221007837.5
5	0.05405	365.11728	0.000429087	81.8	228888169
5	0.05506	365.31021	0.000435757	81.8	229406475.5
5	0.05606	365.50016	0.000442465	81.8	229943570.8
5	0.05706	365.68729	0.000449048	81.8	230416232.7
5	0.05806	365.87171	0.0004556	81.8	230874032.8
5	0.05906	366.05349	0.000462148	81.9	239058571.2
5	0.06006	366.23272	0.000468774	81.8	231827915.8
5	0.06106	366.4094	0.000475383	81.8	232317680.3
5	0.06206	366.58368	0.000481867	81.9	240510465.7
5	0.06306	366.75564	0.000488331	81.9	240941992.1
5	0.06406	366.92534	0.000494782	82	249411929
5	0.06507	367.09284	0.00050123	82	249851929.9
5	0.06607	367.2582	0.000507683	82	250293326.6
5	0.06707	367.42147	0.00051413	82	250733367.6
5	0.06807	367.58271	0.00052054	82	251157001.9
5	0.06907	367.74198	0.00052693	82.1	259937029.6
5	0.07007	367.89934	0.000533425	82.1	260415727.4
5	0.07107	368.05475	0.000539908	82.1	260890775.8
5	0.07207	368.20835	0.000546258	82.1	261302643
5	0.07307	368.36018	0.000552553	82.2	270376096.5
5	0.07407	368.51029	0.000558798	82.2	270750788.4
5	0.07508	368.65874	0.000565134	82.2	271174202.3
5	0.07608	368.80551	0.000571543	82.3	280636546.7
5	0.07708	368.95065	0.000577795	82.2	272016770.6
5	0.07808	369.09426	0.000583888	82.2	272329115.5
5	0.07908	369.23639	0.000590237	82.3	281793780.5
5	0.08008	369.37693	0.000596612	82.3	282253178.4
5	0.08108	369.51603	0.000602641	82.3	282550862.5
5	0.08208	369.65377	0.000608952	82.3	282981945.7
5	0.08308	369.79001	0.000615287	82.3	283427518.2
5	0.08408	369.92492	0.000621317	82.3	283734126.5
5	0.08509	370.05853	0.000627625	82.4	293560452.8
5	0.08609	370.19075	0.000633763	82.5	303637565
5	0.08709	370.32178	0.000639937	82.5	304034090.6
5	0.08809	370.45146	0.000646133	82.4	294719234.1
5	0.08909	370.57999	0.000652186	82.5	304789875.4
5	0.09009	370.70727	0.000658315	82.5	305173674.9
5	0.09109	370.83342	0.000664388	82.5	305532930.7
5	0.09209	370.95838	0.000670458	82.6	315975013.4
5	0.09309	371.08226	0.000676543	82.6	316353207.6
5	0.09409	371.20499	0.00068257	82.6	316707856.6
5	0.0951	371.32668	0.000688685	82.6	317108206.8
5	0.0961	371.44724	0.000694644	82.5	307322926.8
5	0.0971	371.56685	0.000700771	82.7	328300593.8
5	0.0981	371.68532	0.000706896	82.7	328720349.4
5	0.0991	371.80287	0.000712742	82.6	318537860.9
5	0.1001	371.9194	0.00071885	82.7	329426388.1
5	0.1011	372.03495	0.000724598	82.7	329679938
5	0.1021	372.14964	0.000730663	82.7	330078615.4
5	0.1031	372.26329	0.000736756	82.7	330494321.8
5	0.1041	372.37609	0.000742389	82.7	330705243.7
5	0.10511	372.48802	0.000748478	82.8	341992132.2
5	0.10611	372.59899	0.000754489	82.8	342387038.2
5	0.10711	372.70914	0.000760089	82.7	331717934.4
5	0.10811	372.81848	0.000766165	82.8	343024715.2
5	0.10911	372.9269	0.000772197	82.8	343435833.3
5	0.11011	373.03454	0.000777759	82.8	343639980.6
5	0.11111	373.14141	0.000783641	82.6	322511411.8
5	0.11211	373.24744	0.000789689	82.7	333490293.4
5	0.11311	373.35267	0.000795431	83	367646545.5
5	0.11411	373.45718	0.000801005	83	367877656.5
5	0.11512	373.56096	0.000806892	83	368259332.1
5	0.11612	373.66394	0.000812907	83	368698752
5	0.11712	373.76619	0.000818617	83	369002229.5
5	0.11812	373.86774	0.000824207	83	369254640.9
5	0.11912	373.96861	0.000829837	83	369527906.6
5	0.12012	374.06879	0.000835815	83.1	382047563.7
5	0.12112	374.16822	0.000841749	83.1	382472338.4
5	0.12212	374.26699	0.000847326	83.1	382737271.8
5	0.12312	374.36511	0.000852894	83.1	383001431.2
5	0.12412	374.4626	0.000858475	83.1	383274357.5
5	0.12513	374.55945	0.000864227	83.1	383630935.1
5	0.12613	374.65565	0.000870158	83.1	384065100.7
5	0.12713	374.75118	0.000875916	83.1	384426158.1
5	0.12813	374.84612	0.000881491	83.2	397253616.4
5	0.12913	374.94045	0.000887078	83.2	397551337.4
5	0.13013	375.03419	0.000892657	83.2	397848503.7
5	0.13113	375.12735	0.000898236	83.2	398148615.6
5	0.13213	375.21993	0.000903822	83.2	398454933.7
5	0.13313	375.31193	0.000909502	83.2	398805728.9
5	0.13413	375.40336	0.000915285	83.2	399204154.5
5	0.13514	375.49421	0.000920937	83.2	399553057.8
5	0.13614	375.58452	0.000926457	83.2	399842717.6
5	0.13714	375.67429	0.00093199	83.2	400141054
5	0.13814	375.76353	0.000937521	83.3	413466619.4
5	0.13914	375.85224	0.000943041	83.3	413771992.7
5	0.14014	375.94044	0.00094856	83.3	414079727
5	0.14114	376.02813	0.000954093	83.3	414396493.9
5	0.14214	376.1153	0.000959629	83.3	414717889.9
5	0.14314	376.20198	0.00096514	83.3	415031120.8
5	0.14414	376.28816	0.000970625	83.3	415336355.5
5	0.14515	376.37386	0.000976107	83.3	415647965.7
5	0.14615	376.45908	0.000981581	83.4	429458636
5	0.14715	376.54383	0.000987026	83.4	429762071.9
5	0.14815	376.62811	0.000992457	83.4	430062613.7
5	0.14915	376.71193	0.000997889	83.4	430366643.8
5	0.15015	376.7953	0.001	83.4	429248018.2
5	0.15115	376.87821	0.00101	83.4	431516538.6
5	0.15215	376.96069	0.00101	83.5	443442598.6
5	0.15315	377.04272	0.00102	83.5	445770549.1
5	0.15415	377.12433	0.00102	83.5	443732376.4
5	0.15516	377.2055	0.00103	83.5	446054818.1
5	0.15616	377.28626	0.00104	83.5	448356553.3
5	0.15716	377.3666	0.00104	83.5	446351735.6
5	0.15816	377.44653	0.00105	83.5	448643216.2
5	0.15916	377.52605	0.00105	83.5	446666333.4
5	0.16016	377.60518	0.00106	83.5	448947409.3
5	0.16116	377.68391	0.00106	83.5	446997418.4
5	0.16216	377.76224	0.00107	83.6	463803694.8
5	0.16316	377.84019	0.00107	83.6	461814925.4
5	0.16416	377.91776	0.00108	83.6	464146335.8
5	0.16517	377.99495	0.00108	83.6	462189762.5
5	0.16617	378.07176	0.00109	83.6	464511488.8
5	0.16717	378.1482	0.00109	83.7	477525429.9
5	0.16817	378.22425	0.0011	83.7	479909848.7
5	0.16917	378.29995	0.0011	83.7	477935058.6
5	0.17017	378.37529	0.00111	83.7	480309258.1
5	0.17117	378.45028	0.00111	83.6	463395934.7
5	0.17217	378.52492	0.00112	83.7	480724475.5
5	0.17317	378.59923	0.00113	83.7	483074907.1
5	0.17417	378.67321	0.00113	83.7	481153766.7
5	0.17518	378.74685	0.00114	83.8	499101404.6
5	0.17618	378.82017	0.00114	83.8	497139970
5	0.17718	378.89313	0.00115	83.8	499544340.7
5	0.17818	378.96575	0.00115	83.8	497609058
5	0.17918	379.03806	0.00116	83.8	500004135.8
5	0.18018	379.11006	0.00116	83.8	498092146.4
5	0.18118	379.18174	0.00117	83.8	500477878.1
5	0.18218	379.25313	0.00117	83.8	498588782.8
5	0.18318	379.32421	0.00118	83.8	500964746.7
5	0.18418	379.39497	0.00118	83.8	499099200.8
5	0.18519	379.4654	0.00119	83.8	501473923.6
5	0.18619	379.53553	0.00119	83.8	499631858.9
5	0.18719	379.60538	0.0012	83.8	501991224.8
5	0.18819	379.67494	0.0012	83.8	500170516
5	0.18919	379.74423	0.00121	83.9	518691959.3
5	0.19019	379.81322	0.00121	83.9	516831695.4
5	0.19119	379.88189	0.00122	83.9	519247441.8
5	0.19219	379.95028	0.00122	83.9	517410275.8
5	0.19319	380.01841	0.00123	83.9	519816807.6
5	0.19419	380.08628	0.00123	83.9	517999811
5	0.1952	380.15389	0.00124	83.9	520403422.1
5	0.1962	380.22118	0.00124	84	535276628.6
5	0.1972	380.2882	0.00125	84	537741364.1
5	0.1982	380.35498	0.00125	83.9	519224676.7
5	0.1992	380.4215	0.00126	83.9	521606546.1
5	0.2002	380.48778	0.00126	84	536546897.9
5	0.2012	380.55376	0.00127	84	538995034.3
5	0.2022	380.61948	0.00127	84	537202361.1
5	0.2032	380.68496	0.00128	84	539642252.8
5	0.2042	380.75022	0.00128	84	537868061.3
5	0.20521	380.81523	0.00129	84	540305885.7
5	0.20621	380.87994	0.00129	84	538553528.3
5	0.20721	380.94443	0.0013	84	540978120.6
5	0.20821	381.00869	0.0013	84	539243833.4
5	0.20921	381.07274	0.00131	84	541659432.7
5	0.21021	381.13651	0.00131	84.1	557256004.7
5	0.21121	381.20004	0.00132	84.1	559740432.1
5	0.21221	381.26335	0.00132	84	540658515.6
5	0.21321	381.32647	0.00132	84.1	556247792.7
5	0.21421	381.38932	0.00133	84.1	558727241.4
5	0.21522	381.45193	0.00133	84.1	557016155.4
5	0.21622	381.51434	0.00134	84.1	559487939.3
5	0.21722	381.57656	0.00134	84.1	557785942.9
5	0.21822	381.63852	0.00135	84.2	578189193.4
5	0.21922	381.70025	0.00135	84.1	558568945.3
5	0.22022	381.76179	0.00136	84.1	561026299
5	0.22122	381.82314	0.00136	84.2	577261200.8
5	0.22222	381.88423	0.00137	84.2	579788119.7
5	0.22322	381.94512	0.00137	84.2	578085311.1
5	0.22422	382.00582	0.00138	84.2	580604112.1
5	0.22523	382.06634	0.00138	84.2	578924718.7
5	0.22623	382.12659	0.00139	84.2	581438290.5
5	0.22723	382.18666	0.00139	84.2	579770572.6
5	0.22823	382.24656	0.0014	84.2	582275284.3
5	0.22923	382.30625	0.0014	84.3	599181577.2
5	0.23023	382.36571	0.0014	84.3	597490637.6
5	0.23123	382.425	0.00141	84.3	600069071.1
5	0.23223	382.48414	0.00141	84.3	598392453.1
5	0.23323	382.543	0.00142	84.3	600966020.3
5	0.23423	382.60171	0.00142	84.3	599308297.5
5	0.23524	382.66026	0.00143	84.3	601880302.2
5	0.23624	382.71859	0.00143	84.3	600239402.5
5	0.23724	382.77672	0.00144	84.3	602799129.5
5	0.23824	382.8347	0.00144	84.3	601173822
5	0.23924	382.8925	0.00145	84.4	622991767.1
5	0.24024	382.95007	0.00145	84.3	602118549.3
5	0.24124	383.0075	0.00145	84.3	600523199
5	0.24224	383.06478	0.00146	84.4	622306979.5
5	0.24324	383.12181	0.00146	84.3	601492926.7
5	0.24424	383.17871	0.00147	84.3	604035545.7
5	0.24525	383.23546	0.00147	84.4	621687174.3
5	0.24625	383.29198	0.00148	84.4	624303405.1
5	0.24725	383.34835	0.00148	84.3	603468349.8
5	0.24825	383.4046	0.00149	84.4	625310151.9
5	0.24925	383.46061	0.00149	84.4	623726192.1
5	0.25025	383.51648	0.00149	84.4	622154062.7
5	0.25125	383.57223	0.0015	84.4	624757888.2
5	0.25225	383.62775	0.0015	84.4	623201822.5
5	0.25325	383.68313	0.00151	84.4	625801817.8
5	0.25425	383.73838	0.00151	84.5	644135038.6
5	0.25526	383.79342	0.00152	84.5	646818679.8
5	0.25626	383.84832	0.00152	84.4	625334704.8
5	0.25726	383.90311	0.00153	84.5	647906262.8
5	0.25826	383.95768	0.00153	84.5	646343203.3
5	0.25926	384.01212	0.00153	84.4	624908607.7
5	0.26026	384.06644	0.00154	84.5	647455057.1
5	0.26126	384.12054	0.00154	84.5	645919595.3
5	0.26226	384.17453	0.00155	84.5	648578893.4
5	0.26326	384.22839	0.00155	84.5	647055188.5
5	0.26426	384.28204	0.00156	84.5	649711068.4
5	0.26527	384.3356	0.00156	84.5	648210642.3
5	0.26627	384.389	0.00156	84.5	646713871.1
5	0.26727	384.44222	0.00157	84.5	649366492.1
5	0.26827	384.49535	0.00157	84.5	647882808
5	0.26927	384.5483	0.00158	84.6	671198473
5	0.27027	384.6011	0.00158	84.5	649061757.6
5	0.27127	384.65382	0.00159	84.6	672401635.9
5	0.27227	384.70632	0.00159	84.6	670899211
5	0.27327	384.75872	0.00159	84.5	648804116.4
5	0.27427	384.81101	0.0016	84.6	672125196.2
5	0.27528	384.8631	0.0016	84.6	670657319.2
5	0.27628	384.91511	0.00161	84.6	673371457.4
5	0.27728	384.96696	0.00161	84.6	671906534.9
5	0.27828	385.01867	0.00161	84.6	670453168.9
5	0.27928	385.07029	0.00162	84.6	673164336.2
5	0.28028	385.12172	0.00162	84.6	671725015.4
5	0.28128	385.17305	0.00163	84.6	674432920.3
5	0.28228	385.22426	0.00163	84.6	673004908.5
5	0.28328	385.2753	0.00164	84.6	675709859.5
5	0.28428	385.32627	0.00164	84.7	695674057.9
5	0.28529	385.37707	0.00164	84.7	694233422
5	0.28629	385.42775	0.00165	84.6	675602436.5
5	0.28729	385.47834	0.00165	84.7	695579016.3
5	0.28829	385.52875	0.00166	84.7	698360421.1
5	0.28929	385.57909	0.00166	84.7	696934483.6
5	0.29029	385.62928	0.00166	84.7	695520608.1
5	0.29129	385.67935	0.00167	84.7	698298734.5
5	0.29229	385.72934	0.00167	84.7	696895651.5
5	0.29329	385.77914	0.00168	84.7	699671148.4
5	0.29429	385.82888	0.00168	84.7	698281283.2
5	0.2953	385.87847	0.00168	84.7	696913231.4
5	0.2963	385.92795	0.00169	84.7	699685394.6
5	0.2973	385.97735	0.00169	84.8	720421535.7
5	0.2983	386.02657	0.0017	84.7	701087518.2
5	0.2993	386.07574	0.0017	84.8	721875002.2
5	0.3003	386.12475	0.0017	84.8	720486642.5
5	0.3013	386.17367	0.00171	84.7	701155411.7
5	0.3023	386.22249	0.00171	84.8	721959892.2
5	0.3033	386.27116	0.00171	84.7	698501901
5	0.3043	386.31977	0.00172	84.8	723442548.2
5	0.30531	386.36821	0.00172	84.8	722100164.1
5	0.30631	386.41659	0.00173	84.8	724945392.2
5	0.30731	386.46484	0.00173	84.8	723603410.5
5	0.30831	386.51298	0.00173	84.8	722271437
5	0.30931	386.56105	0.00174	84.8	725114783.4
5	0.31031	386.60896	0.00174	84.8	723795602
5	0.31131	386.65682	0.00175	84.8	726635592.8
5	0.31231	386.70453	0.00175	84.8	725327767.7
5	0.31331	386.75216	0.00175	84.8	724028358.5
5	0.31431	386.79968	0.00176	84.8	726868744
5	0.31532	386.84709	0.00176	84.8	725592292.4
5	0.31632	386.89444	0.00176	84.9	747183947.3
5	0.31732	386.94163	0.00177	84.8	727153372.6
5	0.31832	386.98878	0.00177	84.9	748800394.8
5	0.31932	387.03578	0.00178	84.8	728722449.8
5	0.32032	387.08271	0.00178	84.9	750426168.2
5	0.32132	387.12953	0.00178	84.9	749137884.6
5	0.32232	387.17626	0.00179	84.9	752060051.1
5	0.32332	387.2229	0.00179	84.9	750782588.2
5	0.32432	387.26942	0.00179	84.9	749515629.5
5	0.32533	387.3159	0.0018	85	776179864.1
5	0.32633	387.36221	0.0018	84.9	751191827.1
5	0.32733	387.40849	0.00181	84.9	754109441.7
5	0.32833	387.45463	0.00181	84.9	752865255.7
5	0.32933	387.50071	0.00181	84.9	751628417.3
5	0.33033	387.54669	0.00182	84.9	754546801.9
5	0.33133	387.59257	0.00182	84.9	753321918.3
5	0.33233	387.63839	0.00182	85	775806955
5	0.33333	387.68408	0.00183	84.9	755023384.3
5	0.33433	387.72973	0.00183	85	777567138.1
5	0.33534	387.77523	0.00183	84.9	752632269.3
5	0.33634	387.82071	0.00184	85	779348173
5	0.33734	387.86603	0.00184	84.9	754364078.4
5	0.33834	387.91132	0.00184	85	776905166.9
5	0.33934	387.95649	0.00185	84.9	756104050.4
5	0.34034	388.0016	0.00185	85	778705699.3
5	0.34134	388.04661	0.00185	85	777507999.2
5	0.34234	388.09154	0.00186	85	780515013.9
5	0.34334	388.1364	0.00186	85	779327166.1
5	0.34434	388.18115	0.00187	84.9	758463779.6
5	0.34535	388.22585	0.00187	85	781167406.8
5	0.34635	388.27042	0.00187	84.9	756208439
5	0.34735	388.31497	0.00188	85	783004693.8
5	0.34835	388.35938	0.00188	85	781848783.9
5	0.34935	388.40376	0.00188	85	780698543.7
5	0.35035	388.44801	0.00189	85	783705831
5	0.35135	388.49223	0.00189	85	782566117.1
5	0.35235	388.53633	0.00189	85	781436801.4
5	0.35335	388.58038	0.0019	85	784442792.7
5	0.35435	388.62433	0.0019	85	783323524.8
5	0.35536	388.66822	0.0019	85	782223567.1
5	0.35636	388.71203	0.00191	85.1	809908042.3
5	0.35736	388.75576	0.00191	85.1	808769148.8
5	0.35836	388.79942	0.00191	85.1	807638178.7
5	0.35936	388.84299	0.00192	85	786044477
5	0.36036	388.88651	0.00192	85.1	809617756.2
5	0.36136	388.92993	0.00192	85	783885348.5
5	0.36236	388.9733	0.00193	85.1	811606718.7
5	0.36336	389.01657	0.00193	85	785829369.7
5	0.36436	389.0598	0.00193	85.1	809410976.8
5	0.36537	389.10292	0.00194	85	787794731.6
5	0.36637	389.14602	0.00194	85.1	811441974.6
5	0.36737	389.18899	0.00194	85.1	810367812.5
5	0.36837	389.23195	0.00194	85.1	809298160.1
5	0.36937	389.27478	0.00195	85.1	812405743.8
5	0.37037	389.3176	0.00195	85.1	811346184
5	0.37137	389.36029	0.00195	85.1	810297677.6
5	0.37237	389.40297	0.00196	85.2	838920165.4
5	0.37337	389.44553	0.00196	85.1	812364756.8
5	0.37437	389.48808	0.00196	85.2	836776139.5
5	0.37538	389.5305	0.00197	85.1	814454128.9
5	0.37638	389.57291	0.00197	85.2	838935942.6
5	0.37738	389.6152	0.00197	85.1	812416143.2
5	0.37838	389.65748	0.00198	85.2	841091712.2
5	0.37938	389.69964	0.00198	85.1	814521578.2
5	0.38038	389.74178	0.00198	85.2	839020214.6
5	0.38138	389.78382	0.00198	85.1	812532737.7
5	0.38238	389.82583	0.00199	85.2	841205873.5
5	0.38338	389.86774	0.00199	85.1	814667208.3
5	0.38438	389.90963	0.00199	85.2	839184041.3
5	0.38539	389.95141	0.002	85.1	816824275.4
5	0.38639	389.99317	0.002	85.2	841413313.4
5	0.38739	390.03483	0.002	85.2	840424710.4
5	0.38839	390.07647	0.00201	85.2	843638345.5
5	0.38939	390.11801	0.00201	85.2	842659445
5	0.39039	390.15952	0.00201	85.2	841686139.1
5	0.39139	390.20094	0.00201	85.2	840721812.2
5	0.39239	390.24233	0.00202	85.2	843940975.2
5	0.39339	390.28363	0.00202	85.2	842986427.1
5	0.39439	390.32491	0.00202	85.2	842036874.8
5	0.3954	390.36609	0.00203	85.2	845274661.8
5	0.3964	390.40725	0.00203	85.2	844334969.6
5	0.3974	390.44831	0.00203	85.2	843404798.5
5	0.3984	390.48935	0.00203	85.2	842479593.6
5	0.3994	390.5303	0.00204	85.2	845708938.1
5	0.4004	390.57123	0.00204	85.3	871213810.4
5	0.4014	390.61206	0.00204	85.2	843886760.5
5	0.4024	390.65289	0.00205	85.2	847116502.2
5	0.4034	390.69361	0.00205	85.2	846219617.9
5	0.4044	390.73432	0.00205	85.3	871753310.3
5	0.40541	390.77493	0.00205	85.2	844458268.2
5	0.40641	390.81554	0.00206	85.3	874188646.6
5	0.40741	390.85603	0.00206	85.2	846821126.6
5	0.40841	390.89653	0.00206	85.3	872386004.1
5	0.40941	390.93692	0.00207	85.2	849194132.7
5	0.41041	390.97731	0.00207	85.3	874837530.2
5	0.41141	391.0176	0.00207	85.3	873957578.2
5	0.41241	391.05788	0.00207	85.3	873082103.7
5	0.41341	391.09807	0.00208	85.2	849885765.3
5	0.41441	391.13825	0.00208	85.3	875563361.4
5	0.41542	391.17834	0.00208	85.3	874721468.6
5	0.41642	391.21841	0.00208	85.3	873869672.5
5	0.41742	391.2584	0.00209	85.3	877223672.9
5	0.41842	391.29836	0.00209	85.3	876382018.6
5	0.41942	391.33827	0.00209	85.3	875547171.9
5	0.42042	391.37812	0.00209	85.3	874719707.9
5	0.42142	391.41793	0.0021	85.3	878079775.6
5	0.42242	391.45769	0.0021	85.3	877261389.4
5	0.42342	391.49741	0.0021	85.3	876449213.9
5	0.42442	391.53706	0.0021	85.3	875644998.9
5	0.42543	391.57669	0.00211	85.4	906446720.5
5	0.42643	391.61624	0.00211	85.3	878232610.6
5	0.42743	391.65578	0.00211	85.4	904807278.7
5	0.42843	391.69524	0.00211	85.3	876661187.4
5	0.42943	391.73469	0.00212	85.4	907475179.2
5	0.43043	391.77405	0.00212	85.3	879263740.4
5	0.43143	391.81341	0.00212	85.4	905882355.7
5	0.43243	391.85268	0.00212	85.3	877737475.8
5	0.43343	391.89194	0.00213	85.4	908582568.8
5	0.43443	391.93112	0.00213	85.3	880370904.8
5	0.43544	391.97029	0.00213	85.4	907052663.2
5	0.43644	392.0094	0.00213	85.4	906289588.2
5	0.43744	392.04847	0.00214	85.4	909784227.5
5	0.43844	392.0875	0.00214	85.4	909030395.7
5	0.43944	392.12648	0.00214	85.4	908283574.2
5	0.44044	392.16543	0.00214	85.4	907542542.7
5	0.44144	392.20432	0.00215	85.4	911046539.4
5	0.44244	392.24319	0.00215	85.4	910314880.8
5	0.44344	392.282	0.00215	85.4	909590846.3
5	0.44444	392.32079	0.00215	85.4	908872000.9
5	0.44545	392.35951	0.00215	85.4	908177749
5	0.44645	392.39822	0.00216	85.4	911692510.5
5	0.44745	392.43686	0.00216	85.4	910991431.4
5	0.44845	392.47549	0.00216	85.4	910294941.9
5	0.44945	392.51405	0.00216	85.4	909606681.3
5	0.45045	392.55259	0.00217	85.4	913131590.3
5	0.45145	392.59108	0.00217	85.4	912452394.6
5	0.45245	392.62954	0.00217	85.4	911779015.5
5	0.45345	392.66796	0.00217	85.4	911112057.6
5	0.45445	392.70634	0.00217	85.4	910451517
5	0.45546	392.74469	0.00218	85.4	914006180.9
5	0.45646	392.78298	0.00218	85.4	913356107.2
5	0.45746	392.82127	0.00218	85.4	912710038.8
5	0.45846	392.85948	0.00218	85.4	912072835.3
5	0.45946	392.89769	0.00219	85.4	915620551.3
5	0.46046	392.93583	0.00219	85.4	914992733.6
5	0.46146	392.97396	0.00219	85.4	914369546
5	0.46246	393.01204	0.00219	85.4	913753421.5
5	0.46346	393.05009	0.00219	85.4	913143141.9
5	0.46446	393.0881	0.0022	85.4	916706159.5
5	0.46547	393.12608	0.0022	85.4	916122581.8
5	0.46647	393.16403	0.0022	85.4	915527755.9
5	0.46747	393.20194	0.0022	85.4	914939407.3
5	0.46847	393.23983	0.0022	85.5	942755558.4
5	0.46947	393.27765	0.00221	85.4	917935081.9
5	0.47047	393.31548	0.00221	85.4	917361135.2
5	0.47147	393.35324	0.00221	85.4	916795520.3
5	0.47247	393.391	0.00221	85.4	916233975.1
5	0.47347	393.4287	0.00221	85.4	915680150.7
5	0.47447	393.46638	0.00221	85.5	943538316.8
5	0.47548	393.50402	0.00222	85.4	918745514.5
5	0.47648	393.54164	0.00222	85.4	918206370.6
5	0.47748	393.57923	0.00222	85.5	946150455.6
5	0.47848	393.61677	0.00222	85.4	917147084.6
5	0.47948	393.65431	0.00222	85.5	945064391
5	0.48048	393.69178	0.00223	85.4	920238149.4
5	0.48148	393.72926	0.00223	85.5	948255712.5
5	0.48248	393.76667	0.00223	85.4	919221767.4
5	0.48348	393.80408	0.00223	85.5	947215234.2
5	0.48448	393.84144	0.00223	85.5	946704546.8
5	0.48549	393.87878	0.00223	85.5	946217784.4
5	0.48649	393.91609	0.00224	85.5	949959715.3
5	0.48749	393.95337	0.00224	85.5	949464714.2
5	0.48849	393.99063	0.00224	85.5	948975284.9
5	0.48949	394.02784	0.00224	85.4	919977509.6
5	0.49049	394.06506	0.00224	85.5	948015045.3
5	0.49149	394.10221	0.00225	85.5	951775611.3
5	0.49249	394.13936	0.00225	85.5	951308321
5	0.49349	394.17647	0.00225	85.5	950847909.9
5	0.49449	394.21356	0.00225	85.5	950393123.6
5	0.4955	394.25062	0.00225	85.5	949963425.8
5	0.4965	394.28765	0.00225	85.5	949521191.2
5	0.4975	394.32466	0.00225	85.5	949084598.4
5	0.4985	394.36163	0.00226	85.5	952871152.3
5	0.4995	394.39861	0.00226	85.6	981937288.1
5	0.5005	394.43552	0.00226	85.5	952024365.3
5	0.5015	394.47243	0.00226	85.5	951609821.7
5	0.5025	394.5093	0.00226	85.5	951202234.6
5	0.5035	394.54616	0.00226	85.5	950799724.7
5	0.5045	394.58299	0.00227	85.5	954608881.6
5	0.50551	394.6198	0.00227	85.5	954236003.1
5	0.50651	394.65659	0.00227	85.5	953849612.7
5	0.50751	394.69334	0.00227	85.5	953470243.4
5	0.50851	394.73009	0.00227	85.5	953095385.2
5	0.50951	394.76679	0.00227	85.5	952728192.1
5	0.51051	394.80349	0.00227	85.5	952365527.9
5	0.51151	394.84015	0.00228	85.5	956203792
5	0.51251	394.8768	0.00228	85.5	955851811.8
5	0.51351	394.91342	0.00228	85.5	955506300.9
5	0.51451	394.95002	0.00228	85.5	955166637.9
5	0.51552	394.98661	0.00228	85.6	984375752
5	0.51652	395.02315	0.00228	85.5	954525265.9
5	0.51752	395.0597	0.00228	85.5	954202610.5
5	0.51852	395.0962	0.00229	85.5	958071447.2
5	0.51952	395.1327	0.00229	85.5	957759845.9
5	0.52052	395.16917	0.00229	85.5	957454810.2
5	0.52152	395.20562	0.00229	85.5	957155719.8
5	0.52252	395.24206	0.00229	85.5	956861955.7
5	0.52352	395.27847	0.00229	85.5	956574789.5
5	0.52452	395.31487	0.00229	85.5	956292973.1
5	0.52553	395.35124	0.00229	85.5	956037926.3
5	0.52653	395.3876	0.00229	85.5	955768141.1
5	0.52753	395.42393	0.0023	85.6	989317239.5
5	0.52853	395.46025	0.0023	85.5	959418643.7
5	0.52953	395.49656	0.0023	85.6	988783595.5
5	0.53053	395.53284	0.0023	85.5	958918492.2
5	0.53153	395.56912	0.0023	85.6	988274386
5	0.53253	395.60536	0.0023	85.6	988029872
5	0.53353	395.6416	0.0023	85.6	987790370.2
5	0.53453	395.67781	0.0023	85.6	987557844.6
5	0.53554	395.71401	0.0023	85.5	957792765.8
5	0.53654	395.7502	0.00231	85.6	991423055.6
5	0.53754	395.78636	0.00231	85.5	961538463.1
5	0.53854	395.82252	0.00231	85.6	990998170.3
5	0.53954	395.85864	0.00231	85.5	961144086.7
5	0.54054	395.89477	0.00231	85.5	960955002.6
5	0.54154	395.93087	0.00231	85.6	990407797.2
5	0.54254	395.96696	0.00231	85.6	990223070.6
5	0.54354	396.00303	0.00231	85.6	990044837.1
5	0.54454	396.03909	0.00231	85.6	989872463.4
5	0.54555	396.07514	0.00231	85.6	989727744.9
5	0.54655	396.11117	0.00232	85.5	964126980.3
5	0.54755	396.1472	0.00232	85.6	993696366.2
5	0.54855	396.1832	0.00232	85.6	993548312
5	0.54955	396.21919	0.00232	85.6	993406232
5	0.55055	396.25517	0.00232	85.5	963573470.3
5	0.55155	396.29114	0.00232	85.6	993140069.2
5	0.55255	396.3271	0.00232	85.6	993016024.4
5	0.55355	396.36303	0.00232	85.6	992899331.1
5	0.55455	396.39897	0.00232	85.6	992787405.7
5	0.55556	396.43488	0.00232	85.6	992705206.3
5	0.55656	396.47079	0.00232	85.6	992606178.2
5	0.55756	396.50668	0.00232	85.5	962858403.6
5	0.55856	396.54257	0.00232	85.6	992427182.9
5	0.55956	396.57844	0.00233	85.6	996624615.8
5	0.56056	396.6143	0.00233	85.6	996550564.5
5	0.56156	396.65016	0.00233	85.6	996482101.9
5	0.56256	396.68599	0.00233	85.6	996421206.2
5	0.56356	396.72182	0.00233	85.5	966611222.3
5	0.56456	396.75764	0.00233	85.6	996316987
5	0.56557	396.79345	0.00233	85.6	996297293.6
5	0.56657	396.82925	0.00233	85.6	996261072
5	0.56757	396.86504	0.00233	85.5	966491103.5
5	0.56857	396.90083	0.00233	85.6	996207130.1
5	0.56957	396.9366	0.00233	85.6	996190108.4
5	0.57057	396.97237	0.00233	85.6	996178883.5
5	0.57157	397.00812	0.00233	85.6	996174781.7
5	0.57257	397.04388	0.00233	85.6	996175875.5
5	0.57357	397.07962	0.00233	85.6	996184142
5	0.57457	397.11535	0.00233	85.6	996198955.9
5	0.57558	397.15109	0.00233	85.6	996242514.6
5	0.57658	397.18681	0.00234	85.6	1000545743
5	0.57758	397.22253	0.00234	85.6	1000579254
5	0.57858	397.25823	0.00234	85.5	970778075.4
5	0.57958	397.29394	0.00234	85.6	1000666345
5	0.58058	397.32964	0.00234	85.6	1000719327
5	0.58158	397.36533	0.00234	85.5	970940232.1
5	0.58258	397.40102	0.00234	85.6	1000844957
5	0.58358	397.4367	0.00234	85.5	971079966.1
5	0.58458	397.47238	0.00234	85.6	1000996560
5	0.58559	397.50805	0.00234	85.6	1001106493
5	0.58659	397.54372	0.00234	85.6	1001198585
5	0.58759	397.57938	0.00234	85.6	1001297614
5	0.58859	397.61504	0.00234	85.5	971563984.4
5	0.58959	397.6507	0.00234	85.5	971674981.2
5	0.59059	397.68635	0.00234	85.5	971792796.2
5	0.59159	397.722	0.00234	85.5	971916828
5	0.59259	397.75765	0.00234	85.6	1001890052
5	0.59359	397.79329	0.00234	85.5	972184296.5
5	0.59459	397.82894	0.00234	85.5	972327163.8
5	0.5956	397.86458	0.00234	85.5	972501051.9
5	0.5966	397.90022	0.00234	85.5	972657329.7
5	0.5976	397.93586	0.00234	85.5	972820014.2
5	0.5986	397.9715	0.00234	85.6	1002844709
5	0.5996	398.00713	0.00234	85.5	973165366.4
5	0.6006	398.04277	0.00234	85.6	1003208606
5	0.6016	398.0784	0.00234	85.5	973536744.2
5	0.6026	398.11403	0.00234	85.5	973732593.8
5	0.6036	398.14967	0.00234	85.5	973934421
5	0.6046	398.1853	0.00234	85.5	974143524.6
5	0.60561	398.22094	0.00234	85.5	974383381.9
5	0.60661	398.25657	0.00234	85.5	974605950.1
5	0.60761	398.29221	0.00234	85.5	974834639.3
5	0.60861	398.32784	0.00234	85.5	975070750.3
5	0.60961	398.36348	0.00234	85.5	975313056.1
5	0.61061	398.39912	0.00234	85.5	975562226.5
5	0.61161	398.43476	0.00234	85.5	975818299.5
5	0.61261	398.47041	0.00234	85.5	976080681.3
5	0.61361	398.50605	0.00234	85.5	976350675.2
5	0.61461	398.5417	0.00234	85.5	976627056.2
5	0.61562	398.57736	0.00234	85.5	976935279
5	0.61662	398.61301	0.00234	85.5	977225892
5	0.61762	398.64867	0.00234	85.5	977523013.2
5	0.61862	398.68433	0.00234	85.5	977827315.9
5	0.61962	398.72	0.00234	85.5	978138209.3
5	0.62062	398.75567	0.00234	85.5	978456367.9
5	0.62162	398.79134	0.00234	85.5	978781834.4
5	0.62262	398.82702	0.00234	85.5	979114018.9
5	0.62362	398.8627	0.00234	85.5	979453597.8
5	0.62462	398.89839	0.00234	85.5	979799982.1
5	0.62563	398.93409	0.00234	85.5	980179397.3
5	0.62663	398.96979	0.00234	85.5	980540238.8
5	0.62763	399.0055	0.00234	85.5	980908020.7
5	0.62863	399.04122	0.00234	85.5	981282788.9
5	0.62963	399.07694	0.00233	85.5	977470073.1
5	0.63063	399.11267	0.00233	85.5	977857922.9
5	0.63163	399.1484	0.00233	85.5	978253500.8
5	0.63263	399.18415	0.00233	85.5	978655591.7
5	0.63363	399.21989	0.00233	85.5	979066138.7
5	0.63463	399.25565	0.00233	85.5	979483295.8
5	0.63564	399.29142	0.00233	85.5	979934637.8
5	0.63664	399.32719	0.00233	85.5	980367145
5	0.63764	399.36298	0.00233	85.5	980806412.3
5	0.63864	399.39877	0.00233	85.5	981253755.3
5	0.63964	399.43458	0.00233	85.5	981707960.8
5	0.64064	399.47038	0.00233	85.5	982170979.3
5	0.64164	399.50621	0.00233	85.5	982640332.2
5	0.64264	399.54204	0.00233	85.5	983117971.9
5	0.64364	399.57788	0.00233	85.5	983603319.5
5	0.64464	399.61374	0.00233	85.5	984095796
5	0.64565	399.64959	0.00233	85.4	955433226.1
5	0.64665	399.68548	0.00232	85.5	980904733.4
5	0.64765	399.72136	0.00232	85.5	981419341.5
5	0.64865	399.75726	0.00232	85.5	981941272.3
5	0.64965	399.79317	0.00232	85.5	982471214.8
5	0.65065	399.82909	0.00232	85.4	953878105.9
5	0.65165	399.86503	0.00232	85.5	983554736.9
5	0.65265	399.90097	0.00232	85.4	954950516.4
5	0.65365	399.93694	0.00232	85.5	984670382.1
5	0.65465	399.97291	0.00232	85.4	956053732.5
5	0.65566	400.0089	0.00232	85.5	985847265.1
5	0.65666	400.04491	0.00232	85.5	986433162.5
5	0.65766	400.08092	0.00232	85.4	957796106.2
5	0.65866	400.11696	0.00231	85.4	954252224.7
5	0.65966	400.153	0.00231	85.4	954845726
5	0.66066	400.18907	0.00231	85.4	955446404.5
5	0.66166	400.22514	0.00231	85.4	956056162.1
5	0.66266	400.26125	0.00231	85.4	956672611.4
5	0.66366	400.29736	0.00231	85.4	957298270.3
5	0.66466	400.33348	0.00231	85.4	957932592.4
5	0.66567	400.36963	0.00231	85.4	958603088.2
5	0.66667	400.40579	0.00231	85.4	959253815.9
5	0.66767	400.44198	0.00231	85.4	959912181.8
5	0.66867	400.47817	0.0023	85.4	956421744
5	0.66967	400.51439	0.0023	85.4	957094513.7
5	0.67067	400.55062	0.0023	85.4	957776322.6
5	0.67167	400.58688	0.0023	85.4	958466016.1
5	0.67267	400.62315	0.0023	85.4	959164893
5	0.67367	400.65944	0.0023	85.4	959872413.1
5	0.67467	400.69576	0.0023	85.4	960588035.9
5	0.67568	400.73208	0.0023	85.3	932917497.8
5	0.67668	400.76845	0.00229	85.4	957893162.4
5	0.67768	400.80481	0.00229	85.3	930292871.9
5	0.67868	400.84121	0.00229	85.3	931021390.1
5	0.67968	400.87763	0.00229	85.4	960138758.5
5	0.68068	400.91406	0.00229	85.3	932505494.9
5	0.68168	400.95053	0.00229	85.4	961680580
5	0.68268	400.987	0.00229	85.3	934024821.1
5	0.68368	401.02352	0.00228	85.3	930714837.9
5	0.68468	401.06004	0.00228	85.3	931493905.9
5	0.68569	401.0966	0.00228	85.3	932310681.1
5	0.68669	401.13318	0.00228	85.3	933107231.4
5	0.68769	401.16978	0.00228	85.3	933913182.6
5	0.68869	401.20641	0.00228	85.3	934728023.9
5	0.68969	401.24305	0.00228	85.3	935553032.3
5	0.69069	401.27974	0.00227	85.3	932278953.7
5	0.69169	401.31642	0.00227	85.3	933119662.6
5	0.69269	401.35317	0.00227	85.3	933967190.2
5	0.69369	401.38991	0.00227	85.3	934826382.2
5	0.69469	401.4267	0.00227	85.3	935693759.3
5	0.6957	401.46351	0.00227	85.3	936601976.4
5	0.6967	401.50035	0.00226	85.3	933359197.3
5	0.6977	401.53722	0.00226	85.3	934252029.1
5	0.6987	401.5741	0.00226	85.2	907561385
5	0.6997	401.61103	0.00226	85.3	936068094.6
5	0.7007	401.64796	0.00226	85.2	909348569
5	0.7017	401.68496	0.00225	85.3	933773649.6
5	0.7027	401.72196	0.00225	85.3	934712995.5
5	0.7037	401.759	0.00225	85.3	935661898.7
5	0.7047	401.79607	0.00225	85.3	936621054.5
5	0.70571	401.83317	0.00225	85.2	909972840.3
5	0.70671	401.87031	0.00225	85.3	938601942.2
5	0.70771	401.90746	0.00224	85.2	907837715.1
5	0.70871	401.94467	0.00224	85.3	936412962.8
5	0.70971	401.98188	0.00224	85.2	909787618.3
5	0.71071	402.01916	0.00224	85.2	910776869.3
5	0.71171	402.05645	0.00224	85.2	911777912.6
5	0.71271	402.09378	0.00223	85.2	908714173.6
5	0.71371	402.13114	0.00223	85.2	909731680.5
5	0.71471	402.16854	0.00223	85.2	910759531.3
5	0.71572	402.20598	0.00223	85.2	911829911.5
5	0.71672	402.24343	0.00223	85.2	912880671.4
5	0.71772	402.28095	0.00222	85.2	909841996.3
5	0.71872	402.31847	0.00222	85.2	910910016.7
5	0.71972	402.35607	0.00222	85.2	911986603.4
5	0.72072	402.39367	0.00222	85.2	913076491.8
5	0.72172	402.43134	0.00221	85.2	910057851.7
5	0.72272	402.46903	0.00221	85.2	911164506.2
5	0.72372	402.50676	0.00221	85.2	912282471.3
5	0.72472	402.54453	0.00221	85.2	913411872.7
5	0.72573	402.58234	0.00221	85.2	914586182.8
5	0.72673	402.62019	0.0022	85.2	911595389.8
5	0.72773	402.65807	0.0022	85.1	885893388.6
5	0.72873	402.69601	0.0022	85.2	913926051.3
5	0.72973	402.73396	0.0022	85.1	888184261
5	0.73073	402.772	0.00219	85.1	885302927.8
5	0.73173	402.81003	0.00219	85.1	886473494.1
5	0.73273	402.84814	0.00219	85.1	887653865.4
5	0.73373	402.88627	0.00219	85.1	888847534.6
5	0.73473	402.92447	0.00218	85.1	885987676
5	0.73574	402.96269	0.00218	85.1	887233573.9
5	0.73674	403.00096	0.00218	85.1	888458059.2
5	0.73774	403.03929	0.00218	85.1	889694115.6
5	0.73874	403.07764	0.00217	85.1	886857232.1
5	0.73974	403.11606	0.00217	85.1	888112766.3
5	0.74074	403.1545	0.00217	85.1	889382498.4
5	0.74174	403.19302	0.00217	85.1	890663221.4
5	0.74274	403.23155	0.00216	85	861756249.9
5	0.74374	403.27018	0.00216	85.1	889148551.4
5	0.74474	403.30881	0.00216	85	864300089.4
5	0.74575	403.34753	0.00215	85	861616931.5
5	0.74675	403.38627	0.00215	85	862916044.3
5	0.74775	403.42508	0.00215	85	864227194.7
5	0.74875	403.46393	0.00215	85	865552171.8
5	0.74975	403.50283	0.00214	85	862858549.2
5	0.75075	403.5418	0.00214	85	864203219.4
5	0.75175	403.5808	0.00214	85	865562696.8
5	0.75275	403.61987	0.00213	85	862883883.6
5	0.75375	403.65897	0.00213	85	864264842.4
5	0.75475	403.69816	0.00213	85	865657810.9
5	0.75576	403.73737	0.00212	84.9	837699652
5	0.75676	403.77668	0.00212	85	864445672.7
5	0.75776	403.81599	0.00212	84.9	840466976.3
5	0.75876	403.85541	0.00212	85	867320613
5	0.75976	403.89484	0.00211	84.9	839312617.2
5	0.76076	403.93438	0.00211	85	866148548
5	0.76176	403.97393	0.00211	84.9	842179509.1
5	0.76276	404.01358	0.0021	84.9	839635665
5	0.76376	404.05326	0.0021	84.9	841099468.1
5	0.76476	404.09303	0.0021	84.9	842576589.2
5	0.76577	404.13283	0.00209	84.9	840086869
5	0.76677	404.17272	0.00209	84.9	841587423.2
5	0.76777	404.21265	0.00209	84.9	843104464.3
5	0.76877	404.25266	0.00208	84.9	840594774.6
5	0.76977	404.29273	0.00208	84.8	817449951.6
5	0.77077	404.33286	0.00208	84.8	818962835.6
5	0.77177	404.37307	0.00207	84.9	841198411.9
5	0.77277	404.41332	0.00207	84.8	818082958.2
5	0.77377	404.45367	0.00207	84.8	819634201.5
5	0.77477	404.49406	0.00206	84.8	817235632.8
5	0.77578	404.53455	0.00206	84.8	818847604.7
5	0.77678	404.57507	0.00206	84.8	820441528.4
5	0.77778	404.6157	0.00205	84.8	818059301.7
5	0.77878	404.65636	0.00205	84.8	819678422.2
5	0.77978	404.69714	0.00205	84.8	821311810.2
5	0.78078	404.73794	0.00204	84.7	794971056.9
5	0.78178	404.77887	0.00204	84.8	820609467.3
5	0.78278	404.81981	0.00203	84.7	794304028.6
5	0.78378	404.86089	0.00203	84.8	819943786.5
5	0.78478	404.90198	0.00203	84.7	797601494.1
5	0.78579	404.94322	0.00202	84.8	819353010.1
5	0.78679	404.98446	0.00202	84.7	797059781.8
5	0.78779	405.02585	0.00202	84.8	822835980.5
5	0.78879	405.06724	0.00201	84.6	773215010.1
5	0.78979	405.1088	0.00201	84.7	798245702.4
5	0.79079	405.15035	0.002	84.6	772730901.1
5	0.79179	405.19207	0.002	84.7	797770267.2
5	0.79279	405.23379	0.002	84.6	776165034.1
5	0.79379	405.27567	0.00199	84.7	797334126.4
5	0.79479	405.31756	0.00199	84.6	775774425.5
5	0.7958	405.35961	0.00198	84.7	796977001
5	0.7968	405.40167	0.00198	84.6	775461590.2
5	0.7978	405.4439	0.00198	84.7	800665709
5	0.7988	405.48614	0.00197	84.6	775150835.4
5	0.7998	405.52854	0.00197	84.6	776981406.3
5	0.8008	405.57097	0.00196	84.6	774881238.4
5	0.8018	405.61355	0.00196	84.6	776742332.1
5	0.8028	405.65616	0.00195	84.6	774654117.6
5	0.8038	405.69892	0.00195	84.6	776546619.8
5	0.8048	405.74172	0.00195	84.5	755724243.1
5	0.80581	405.78467	0.00194	84.6	776434691.1
5	0.80681	405.82767	0.00194	84.5	755651636.7
5	0.80781	405.87081	0.00193	84.6	776327970.2
5	0.80881	405.914	0.00193	84.5	755585221.7
5	0.80981	405.95733	0.00192	84.5	753605759.4
5	0.81081	406.00074	0.00192	84.5	755563822.2
5	0.81181	406.04426	0.00191	84.5	753597895.3
5	0.81281	406.08788	0.00191	84.5	755589469.1
5	0.81381	406.1316	0.00191	84.4	735495660.3
5	0.81481	406.17544	0.0019	84.4	733613803.6
5	0.81582	406.21936	0.0019	84.4	735646204.9
5	0.81682	406.26342	0.00189	84.4	733777805.3
5	0.81782	406.30755	0.00189	84.3	714343124.6
5	0.81882	406.35185	0.00188	84.4	733950575.9
5	0.81982	406.39619	0.00188	84.3	714550850.1
5	0.82082	406.44072	0.00187	84.4	734173966.1
5	0.82182	406.48528	0.00187	84.3	714808444.5
5	0.82282	406.53005	0.00186	84.4	734448931.3
5	0.82382	406.57486	0.00186	84.3	715116004.2
5	0.82482	406.61984	0.00185	84.4	734777407.7
5	0.82583	406.6649	0.00185	84.3	715517854.2
5	0.82683	406.71011	0.00184	84.3	713778684.3
5	0.82783	406.75543	0.00184	84.3	715933033.7
5	0.82883	406.80087	0.00183	84.2	693402514.9
5	0.82983	406.84646	0.00183	84.3	716403797.3
5	0.83083	406.89213	0.00182	84.2	693881080.2
5	0.83183	406.93799	0.00182	84.3	716932338.1
5	0.83283	406.9839	0.00181	84.2	694416159.2
5	0.83383	407.03004	0.00181	84.2	696627272.4
5	0.83483	407.07624	0.0018	84.2	695007467.7
5	0.83584	407.12263	0.0018	84.2	697303989.3
5	0.83684	407.16912	0.00179	84.2	695701281.7
5	0.83784	407.21575	0.00179	84.1	677685332.7
5	0.83884	407.26254	0.00178	84.2	696415376.7
5	0.83984	407.30943	0.00178	84.1	678427582.9
5	0.84084	407.35653	0.00177	84.2	697193149.6
5	0.84184	407.40369	0.00176	84.1	675395432.6
5	0.84284	407.45109	0.00176	84.1	677732512.7
5	0.84384	407.49858	0.00175	84.1	676237728.1
5	0.84484	407.54624	0.00175	84	658887659.2
5	0.84585	407.59406	0.00174	84.1	677191465.4
5	0.84685	407.64199	0.00174	84	659867006.7
5	0.84785	407.69015	0.00173	84.1	678171557.7
5	0.84885	407.73839	0.00172	84	657051734.6
5	0.84985	407.78687	0.00172	84	659482075.2
5	0.85085	407.83546	0.00171	84	658098279.2
5	0.85185	407.88423	0.00171	83.9	641385633.8
5	0.85285	407.93319	0.0017	84	659217921.2
5	0.85385	407.98225	0.0017	83.9	642529943.1
5	0.85485	408.03159	0.00169	84	660413647.7
5	0.85586	408.08102	0.00168	83.9	639982401.8
5	0.85686	408.13066	0.00168	83.9	642517999.5
5	0.85786	408.18049	0.00167	84	660425266.7
5	0.85886	408.23043	0.00167	83.8	625148415.4
5	0.85986	408.28067	0.00166	83.9	642595289.3
5	0.86086	408.33101	0.00165	83.8	622740993.8
5	0.86186	408.38158	0.00165	83.8	625334670.8
5	0.86286	408.43234	0.00164	83.9	642813641.6
5	0.86386	408.48322	0.00163	83.7	604915661.7
5	0.86486	408.53443	0.00163	83.8	625664183
5	0.86587	408.58575	0.00162	83.8	624569619.2
5	0.86687	408.63728	0.00161	83.7	605351467.8
5	0.86787	408.68906	0.00161	83.8	626192675
5	0.86887	408.74098	0.0016	83.7	606961384.4
5	0.86987	408.79318	0.0016	83.7	609705053.3
5	0.87087	408.84557	0.00159	83.7	608662710.2
5	0.87187	408.89812	0.00158	83.6	590015854.2
5	0.87287	408.95101	0.00158	83.7	610461841.1
5	0.87387	409.00405	0.00157	83.7	609458710.4
5	0.87487	409.0573	0.00156	83.6	590832844.1
5	0.87588	409.11085	0.00156	83.7	611441950.9
5	0.87688	409.16457	0.00155	83.6	592796643.6
5	0.87788	409.21856	0.00154	83.6	591872888.5
5	0.87888	409.27281	0.00153	83.6	590956563.7
5	0.87988	409.32724	0.00153	83.6	593932722.1
5	0.88088	409.38198	0.00152	83.5	575882196.1
5	0.88188	409.43698	0.00151	83.6	592181955.5
5	0.88288	409.49218	0.00151	83.5	578033975.9
5	0.88388	409.5477	0.0015	83.5	577228463.3
5	0.88488	409.60348	0.00149	83.6	593610534
5	0.88589	409.65947	0.00149	83.5	579589244.2
5	0.88689	409.7158	0.00148	83.5	578834786.6
5	0.88789	409.77241	0.00147	83.5	578090959.3
5	0.88889	409.82925	0.00146	83.5	577359906.7
5	0.88989	409.88641	0.00146	83.5	580615769.8
5	0.89089	409.9439	0.00145	83.5	579927695.4
5	0.89189	410.00162	0.00144	83.5	579254141.8
5	0.89289	410.05965	0.00143	83.4	561867974
5	0.89389	410.11806	0.00142	83.5	577941824.7
5	0.89489	410.17674	0.00142	83.5	581399838.5
5	0.8959	410.23568	0.00141	83.4	564076341.7
5	0.8969	410.29506	0.0014	83.4	563510423.7
5	0.8979	410.35473	0.00139	83.5	579705296
5	0.8989	410.41469	0.00139	83.5	583349683.8
5	0.8999	410.47501	0.00138	83.4	566008176.5
5	0.9009	410.53575	0.00137	83.5	582342273
5	0.9019	410.59679	0.00136	83.5	581864478.3
5	0.9029	410.65815	0.00135	83.4	564623588.7
5	0.9039	410.71994	0.00135	83.4	568406273.3
5	0.9049	410.78213	0.00134	83.4	568024304
5	0.90591	410.84466	0.00133	83.5	584589617.6
5	0.90691	410.90754	0.00132	83.5	584237201.5
5	0.90791	410.97088	0.00131	83.5	583903566.2
5	0.90891	411.03466	0.0013	83.5	583590345.6
5	0.90991	411.09881	0.0013	83.6	605275202
5	0.91091	411.16335	0.00129	83.6	605033514.7
5	0.91191	411.22832	0.00128	83.5	587383123.4
5	0.91291	411.29382	0.00127	83.6	604623367.7
5	0.91391	411.35974	0.00126	83.6	604457633.8
5	0.91491	411.42608	0.00125	83.7	622249011.6
5	0.91592	411.49286	0.00124	83.7	622210153.3
5	0.91692	411.56016	0.00123	83.7	622127297.6
5	0.91792	411.628	0.00123	83.8	645769874.2
5	0.91892	411.69631	0.00122	83.8	645790440.2
5	0.91992	411.76511	0.00121	83.8	645847920.4
5	0.92092	411.83442	0.0012	84	684797469.5
5	0.92192	411.90423	0.00119	84	684934418.2
5	0.92292	411.97466	0.00118	84	685111077.8
5	0.92392	412.04567	0.00117	84	685331248.3
5	0.92492	412.11723	0.00116	84.2	726808733
5	0.92593	412.18936	0.00115	84.2	727234215.1
5	0.92693	412.26209	0.00114	84.3	749156897.7
5	0.92793	412.33541	0.00113	84.4	771791668
5	0.92893	412.40936	0.00112	84.5	795164198.7
5	0.92993	412.48395	0.00111	84.5	795757148.5
5	0.93093	412.55927	0.0011	84.7	844233193.3
5	0.93193	412.63527	0.00109	84.8	869989390.9
5	0.93293	412.71196	0.00108	84.9	896604208.5
5	0.93393	412.78937	0.00107	85.1	951434092.2
5	0.93493	412.8675	0.00106	85.2	980705310.9
5	0.93594	412.94639	0.00105	85.3	1011128120
5	0.93694	413.02606	0.00104	85.5	1073238838
5	0.93794	413.10652	0.00103	85.6	1106575778
5	0.93894	413.18781	0.00102	85.8	1174773736
5	0.93994	413.26995	0.00101	85.9	1211520532
5	0.94094	413.35297	0.000999442	86.1	1285738733
5	0.94194	413.43688	0.000988603	86.3	1364251878
5	0.94294	413.52173	0.000977691	86.5	1447592801
5	0.94394	413.60753	0.000966686	86.8	1581359784
5	0.94494	413.69432	0.000955582	86.9	1629885588
5	0.94595	413.78212	0.000944412	87.2	1780882886
5	0.94695	413.87098	0.000933191	87.5	1945608904
5	0.94795	413.96091	0.000921895	87.8	2125631945
5	0.94895	414.05195	0.000910514	88	2255869856
5	0.94995	414.14414	0.000898825	88.3	2464122256
5	0.95095	414.23757	0.000886686	88.6	2690548791
5	0.95195	414.33231	0.000874639	88.9	2938413810
5	0.95295	414.42833	0.000862832	89.3	3304952564
5	0.95395	414.52567	0.000850973	89.7	3717472090
5	0.95495	414.62439	0.000839072	90	4062283557
5	0.95596	414.72451	0.000826644	90.3	4437988095
5	0.95696	414.82622	0.000813691	90.7	4987501501
5	0.95796	414.92956	0.000801161	91.1	5608740744
5	0.95896	415.03447	0.000789051	91.6	6497365891
5	0.95996	415.14101	0.000776153	92.1	7520528452
5	0.96096	415.24944	0.000762765	92.5	8452169192
5	0.96196	415.35975	0.00075007	93.1	1.007663486e+10
5	0.96296	415.47187	0.000736949	93.6	1.166608458e+10
5	0.96396	415.58615	0.000723247	94.1	1.349805719e+10
5	0.96496	415.70257	0.000710133	94.7	1.60926518e+10
5	0.96597	415.8211	0.0006962	95.2	1.86270177e+10
5	0.96697	415.94223	0.000682402	96	2.351738488e+10
5	0.96797	416.0656	0.000668351	96.5	2.722102601e+10
5	0.96897	416.19188	0.000654079	97.2	3.338002748e+10
5	0.96997	416.32069	0.00063975	97.9	4.094010356e+10
5	0.97097	416.4527	0.000624922	98.7	5.165646045e+10
5	0.97197	416.58769	0.000610613	99.4	6.339444237e+10
5	0.97297	416.72596	0.000595419	100.2	7.998880472e+10
5	0.97397	416.86794	0.000580126	101	1.009412401e+11
5	0.97497	417.01359	0.000565035	101.8	1.274750851e+11
5	0.97598	417.16325	0.000549536	102.8	1.705601579e+11
5	0.97698	417.31724	0.000533489	103.7	2.215030246e+11
5	0.97798	417.47605	0.000517209	104.7	2.960704625e+11
5	0.97898	417.63989	0.000500969	105.8	4.075380811e+11
5	0.97998	417.80916	0.000484447	106.9	5.60968416e+11
5	0.98098	417.98437	0.000467403	108.1	7.943314154e+11
5	0.98198	418.16622	0.000450109	109.1	1.062005601e+12
5	0.98298	418.35516	0.000432867	110.5	1.594447246e+12
5	0.98398	418.55179	0.000415038	111.7	2.259032388e+12
5	0.98498	418.75732	0.000396751	113.1	3.389546122e+12
5	0.98599	418.97251	0.000378112	114.7	5.39155295e+12
5	0.98699	419.19883	0.000358997	116.2	8.327985779e+12
5	0.98799	419.43756	0.000339582	117.9	1.363338829e+13
5	0.98899	419.69054	0.000319557	119.8	2.363713314e+13
5	0.98999	419.96017	0.000298867	121.6	3.982872685e+13
5	0.99099	420.24945	0.000277549	123.8	7.530320402e+13
5	0.99199	420.56218	0.000255483	126	1.424752905e+14
5	0.99299	420.90373	0.000232466	128.4	2.856311272e+14
5	0.99399	421.28169	0.000208491	131	6.073871737e+14
5	0.99499	421.70668	0.000183345	134.2	1.537079315e+15
5	0.996	422.19619	0.000156568	137.6	4.142874262e+15
5	0.997	422.78064	0.000127502	141.3	1.220877213e+16
5	0.998	423.52359	9.4836e-05	144.6	3.24047865e+16
5	0.999	424.6014	4.85048e-05	135.8	2.469223012e+15
